id,uuid,usuario,password,reglas
1,82ede32d-aea9-4f56-8481-8d79cd9a0fe3,cbunhill0,exI(j6K/Pt8UW*,perfil-deportivo/deportista/salud
2,6dd35412-d491-45fa-910f-f174e2a8ed26,jbayliss1,dZz<DaJcC,entrenamiento/deportista/estado-fisico
3,49d1b4a6-c595-4d5a-8eab-872b136a626b,lbagworth2,iX>p.I=d~OBQGd,perfil-deportivo/deportista/salud
4,70a25f4e-e88e-44b5-b0cb-4aeaac0f3731,vpetch3,ui3grj5wMoEug,perfil-deportivo/deportista/salud
5,ed0f1c88-5aec-481c-be49-549c25655812,bingleston4,"l4EV@*3,iE>)OPZ",facturacion/socio/logistica
6,b1b0324a-216e-4b76-a75b-811f507796f2,adowry5,mCLY+t~@.(a#,facturacion/socio/logistica
7,cddac830-dae1-48f1-804d-e9222181c47d,mstratiff6,"sM%{9',p",perfil-deportivo/deportista/salud
8,2302fe84-fc26-4fcd-9fe2-5fd501db8055,awebb7,oqPk'{3YhNV,perfil-deportivo/deportista/salud
9,4bfa41f5-8028-4d1a-ba3a-3731d639cfb9,sstops8,"o_""9~Vfozjl.gzXi",entrenamiento/deportista/estado-fisico
10,366f6868-2897-468d-a66d-c99e48a2d588,rkermott9,quZQTkk9//},perfil-deportivo/deportista/salud
11,2709d618-a7a6-4a93-9246-ebdff8f85b94,okochea,kAg{_73Ia7,perfil-deportivo/deportista/salud
12,c71384ac-4876-4d44-9701-25b86ae0438d,tbursnellb,d>oWaxSoH!Gc4,perfil-deportivo/deportista/salud
13,dcc24de0-a4a9-44d1-afbe-6deb71f9725d,agentschc,lB(H+SqOq_g,perfil-demografico/deportista/pais
14,4e081315-549d-47cc-bfe0-9baff59176c8,yferruzzid,whGvAqQU>FI1Ww,perfil-deportivo/deportista/salud
15,e16e7274-8e0d-494f-9748-a8a68775c598,cvarnalse,"fgL,Qdc(dM?4m.d2",perfil-demografico/deportista/pais
16,e79314ed-963f-4618-b4af-c9f3ea45f129,ndungatef,vnW0)hW'S,perfil-deportivo/deportista/salud
17,a40e9007-4ec9-48f0-902d-2f64cb7aa0b4,ucolbertsong,bswoFtv=>0,facturacion/socio/logistica
18,175e6fda-8d8b-4f55-a93c-61970f6a12f4,kpattemoreh,rU=Z`<+YO>I,perfil-demografico/deportista/pais
19,a3594399-c8b9-4ee4-be66-2dd2bf9b0ff5,rgoghini,npC)rQ)RB|t8EyU#,perfil-deportivo/deportista/salud
20,cdd9f404-b247-4724-86de-5771908bec5e,khackwellj,biBftwxb{?,entrenamiento/deportista/estado-fisico
21,b6a11bb0-7d59-4496-8a29-54f784c41e80,haizikk,kDS8$%NW/aatl,perfil-deportivo/deportista/salud
22,fb45a45e-8e55-4b31-b0fb-6c44bef1ce3c,gomullenl,"iX&h?$=p,'wDR",facturacion/socio/logistica
23,be1fc5b2-ad4c-4936-9c7a-4eb2758b401a,btrenholmm,eTAzdYv1O5Dn0v,perfil-deportivo/deportista/salud
24,a2658558-41d0-4faf-bebe-cbca852e75db,tmusicon,p=l=xjXyz.,perfil-demografico/deportista/pais
25,db305036-30a4-4338-a88e-71a44b475556,sgillespeyo,"pl=C~|,b",perfil-deportivo/deportista/salud
26,e88c29fa-610b-465c-a80f-61d30664ce19,mmayhoup,"pz+""\BTd`Y.yB`Ll",entrenamiento/deportista/estado-fisico
27,f6e97cef-1838-4358-97aa-56daa173e8ea,jdroughtq,h/c'z>3K{(gLiSiw,entrenamiento/deportista/estado-fisico
28,c9eebc97-2c5f-4b84-a6e8-2e4603ac28bc,rfarnhamr,iWa((Or4Sxtr,entrenamiento/deportista/estado-fisico
29,6bfc6d3b-9ecb-40e1-af48-ad34f17a4be0,fmavens,"nc>bVB4J,c(",entrenamiento/deportista/estado-fisico
30,35715c80-b2c4-4164-8ff8-9a130e800d25,dcreelmant,"cM+,X&k""jTeMN",facturacion/socio/logistica
31,72abd199-0f50-472b-9fd3-4854d1ab4260,fthakeu,"q""&&Xi61&wR|D2E",facturacion/socio/logistica
32,b97c44b8-90b3-4569-bcde-aac1b99cdc47,jwaldockev,iF'(fnTL?XKlU,perfil-deportivo/deportista/salud
33,df978915-a9b6-48c9-ac21-422d8a958ca5,ichristoforw,u.GjS|(9)~(5dQ,perfil-demografico/deportista/pais
34,04c3b90a-b169-470f-857b-d0e44f56a690,dblethinx,hH8{PD(u&'vL,perfil-demografico/deportista/pais
35,ceab48d8-c4a9-4fb4-b2ea-117b7a30854b,pfidelusy,d'~uq)L?c!h5.H,perfil-deportivo/deportista/salud
36,9d97be66-dfc4-4368-8573-c458c40ca40e,jsantostefanoz,k!GkA)H6~fZ,perfil-deportivo/deportista/salud
37,7d4de68a-25c0-4ea6-be7a-ce091eaafd6e,tcronkshaw10,sr53ONJOQ@Kv*Y,entrenamiento/deportista/estado-fisico
38,9e553a10-1c9b-43f4-9866-df9213eabe2d,tkentwell11,"f""hKS48PJS7I_L",perfil-deportivo/deportista/salud
39,3c71df30-f723-4f84-818c-20c17214d832,rstilgoe12,jh%x04P#4Z++rW,facturacion/socio/logistica
40,5da357e5-4c9d-40d8-a348-11e188da111b,sgrills13,h#_Hl2lE7wB,perfil-demografico/deportista/pais
41,1d2b88d6-a217-41ca-a239-a02998a949d0,jbaldam14,"sg,,F{XUNw3Gp",perfil-demografico/deportista/pais
42,e32a264b-14e9-4bae-9ebf-e68366a80c69,lgozzard15,nqr/>ES3Hlg,perfil-demografico/deportista/pais
43,a7e1efc2-eea0-494a-b089-6891f9975bbe,rmirrlees16,zh2j=1mP,facturacion/socio/logistica
44,f5639ff2-bce9-4853-a27e-151f97266cd7,cvandenhoff17,"uk,jVwMR",perfil-deportivo/deportista/salud
45,cf22f546-78a0-4544-b913-ae4f65a90419,rtiller18,p+wF<8cmbtp,perfil-deportivo/deportista/salud
46,658e43c0-eb40-4c13-b7f9-65420bcba383,hmeddick19,yBqJ@+#oI,facturacion/socio/logistica
47,7a54d87a-d2a8-45c3-85bf-f25c54985c2e,npingston1a,rV}u`nFxzy1d,perfil-deportivo/deportista/salud
48,0850272e-5ddd-40d9-9d14-8fe5e9d70217,gcomiam1b,f5c{a.v+~A,entrenamiento/deportista/estado-fisico
49,78609a8a-c1be-4ed2-93ab-452f73c5cda3,owaddup1c,"xH\wFFpd%C}+F""",entrenamiento/deportista/estado-fisico
50,b5dd1543-32b2-4943-b8ff-e8a5a182364f,jbuckett1d,l`G{``}.Usc<I#,perfil-demografico/deportista/pais
51,0e807375-c0d6-476a-bef3-d557f7ed4352,acomelini1e,lOb'/hPefW=*,perfil-deportivo/deportista/salud
52,d2463df3-63b5-4fb8-aa36-b54268e48351,jdurbin1f,"p>f""!&>9K",facturacion/socio/logistica
53,59267d01-1087-43bb-a7a3-47382df63df8,tlacase1g,ig!<I(%MN,perfil-deportivo/deportista/salud
54,07cf4f7b-a3df-417f-bb2f-94b033a3058b,ggoldsworthy1h,m`R6RC'}TyX8>e,facturacion/socio/logistica
55,573370d4-58c7-4d2c-bfbf-b85fa48d507a,cpingstone1i,d0%w4mX+NwFr&\Cd,perfil-demografico/deportista/pais
56,0842ddbb-fc71-427f-9ce7-d83c302f76f0,dpimm1j,"rfCJZ+Kt(""(1bc_>",perfil-deportivo/deportista/salud
57,0c17c22c-56b8-4bbd-b2cf-86736aff72f0,kmeo1k,duGu@Q0ePDg<@l,perfil-demografico/deportista/pais
58,91d77d74-a57f-4c3e-9cc7-84d009daa370,chedon1l,fQ>chlk~l0?I&EE,perfil-deportivo/deportista/salud
59,fa88d7dd-8974-4973-9c1c-bb2e8864adea,agreensitt1m,"t5'QA`7w3dM.k,6H",perfil-deportivo/deportista/salud
60,6bed1ad9-78a5-469f-a39e-f52596d574b4,mmacdaid1n,jxI7gq}We,perfil-demografico/deportista/pais
61,05c780ce-476d-4bc0-94ac-ea7279257f3b,lkleinstern1o,xvbeNG'lix0#,perfil-deportivo/deportista/salud
62,34588222-8fce-48c8-bc29-407e1646e2b6,ptremayne1p,n>t}hdb>=1p,perfil-deportivo/deportista/salud
63,3e526da8-9130-4f96-a965-d9fdf96dd794,lchominski1q,"j>T}UUqN=#uC.>u""",facturacion/socio/logistica
64,1e2d1e87-9827-4f4c-baea-5d63eb40dd56,fmartill1r,h*|+oagb_ZB|,entrenamiento/deportista/estado-fisico
65,2940438c-8f23-444a-bcd0-69370d297b11,plevy1s,sF|sOCy}eW)sq,perfil-demografico/deportista/pais
66,0df1b149-df76-40e8-81a4-95da73fe3337,hkarlicek1t,"q),psN>1yS__uf3",facturacion/socio/logistica
67,464f4ef6-eb9d-4c10-8699-fc93bddcfff0,mbroz1u,tz?ziZdP!E_lVDl>,perfil-deportivo/deportista/salud
68,582ecef6-1d30-4077-9631-748090c971cc,bbrommage1v,"e*3wk5P,2+o",perfil-deportivo/deportista/salud
69,d113833e-e128-4e00-95a1-8ecbef020c8a,iianinotti1w,dmcS2Kpu,perfil-deportivo/deportista/salud
70,1b9a2cba-b773-4c06-b7f7-01bba87a3cb5,cbassford1x,"p5!7,4<%.r9vs",perfil-deportivo/deportista/salud
71,3981b80f-1814-4656-8b3c-1faa12c6023a,himlock1y,hHp8L1yb`,perfil-deportivo/deportista/salud
72,f03b044d-36da-477e-9083-4e29f0dc07c3,glemmanbie1z,nZZ<+@bsU?8,entrenamiento/deportista/estado-fisico
73,099dbf15-c987-432d-9e2e-40057be03c29,dshower20,xM2|}{se5a>j,entrenamiento/deportista/estado-fisico
74,ba913ecc-c0dd-41aa-a814-515fb7d80ed0,seastwood21,m16}w`bML,perfil-deportivo/deportista/salud
75,298e7ab0-6930-4b11-933d-62810058f697,cstitle22,rfVXev`dvliT,entrenamiento/deportista/estado-fisico
76,75ab9b79-154d-40bd-a4bb-3603eac14ffd,rbraxay23,xk+7*DlA.&+,perfil-deportivo/deportista/salud
77,7b817d2c-b367-40d0-a66d-d9b6e6a1a46b,vjanda24,"t'YAiL)jA,g0)@Y",perfil-demografico/deportista/pais
78,7a115efe-211e-4bb0-938e-59f4a785b7d0,nbrewood25,gwP)I8'QWs,perfil-demografico/deportista/pais
79,d9f4dbef-8a50-4bdc-bc4b-3311be36ce3b,jsoffe26,xQ5CjxC&BVA=!u,perfil-deportivo/deportista/salud
80,a4630222-cb8a-4931-9feb-9c95226e86d9,iconstantine27,x)Y)dK!8(q}Cu?j{,perfil-deportivo/deportista/salud
81,f8558da6-c3fe-4b92-8cf3-e4ae62057ef0,mrookesby28,y(}'b\~czuOp#,perfil-demografico/deportista/pais
82,f35e23d4-07c0-422f-82a7-19bad6a33e41,jclementson29,"o""U`\K!'""cLb{z",facturacion/socio/logistica
83,afa6aab7-d505-416d-9e5a-f23ba8c805e0,tsyphas2a,m/Ih=HQ!<,entrenamiento/deportista/estado-fisico
84,dcf49db0-265c-4055-b72e-c2ac6d3f7b2b,jkurton2b,hAEdQZ?L<,perfil-deportivo/deportista/salud
85,f7eaf541-c002-4f24-bba6-51e59f0adbf3,rcircuitt2c,sl98_RY),perfil-demografico/deportista/pais
86,25d14c92-8a9a-4352-a448-44f822bbc3ee,ahattigan2d,x!Sp`{THn!f,entrenamiento/deportista/estado-fisico
87,5e6a852c-4a3c-4c85-91bf-8b28cafb10f8,irathbourne2e,itH}eiUy`G)6g)c,entrenamiento/deportista/estado-fisico
88,37cbffa0-e0e2-48d0-a5dc-fad5aa9787bd,zlancley2f,yGCF\c|0igN<m@_,facturacion/socio/logistica
89,0bc9a2c5-9089-44a7-afa7-ea8f7018b1d2,jforker2g,q9V+yO'((|JU4w,facturacion/socio/logistica
90,662519b2-604f-41da-a6bd-7919a98f672f,beul2h,"zI!*S1+z@""",perfil-deportivo/deportista/salud
91,357790ce-a8bd-4515-893c-9cace84c62d6,fvalente2i,z7lcf#j<i=hU#c0s,facturacion/socio/logistica
92,0edbc7e5-b7bf-441c-8a8c-927bda024a01,xicom2j,dOFbH#&p\G*C0,perfil-deportivo/deportista/salud
93,951c7a80-751c-48df-9298-908529fbc3a3,mstayte2k,"j#|soF""4huI}n",entrenamiento/deportista/estado-fisico
94,4a8ba8f8-4199-400e-ad4d-5db282c24572,jiwanczyk2l,w2~*M~da,entrenamiento/deportista/estado-fisico
95,35f5e018-b777-43c0-98f3-30421d172525,lmacalpyne2m,uF*8hUgNIf&!Z<,entrenamiento/deportista/estado-fisico
96,5eb55a37-16ef-4d1c-93cf-46dbf93a7a8b,dmcgirl2n,qZGM=t#nb3Uu,perfil-deportivo/deportista/salud
97,73298b52-baca-4f08-abc4-c9d88b521f27,sbrunke2o,m'46Vt)FB&LS5mK,entrenamiento/deportista/estado-fisico
98,5b4666d4-2f61-4fc0-acb7-2af1fae818ba,fseabourne2p,dVrdFL\.&ZPjm,perfil-demografico/deportista/pais
99,f9d9da12-25a1-4417-a35a-61609969b617,mdudin2q,oH.)X'3@*,facturacion/socio/logistica
100,f50d043b-d735-45e6-a1ff-7778315a217d,bcremin2r,j\$.4*P~h,entrenamiento/deportista/estado-fisico
101,037e2786-d909-4c8a-9f53-c520076ce45a,rrignoldes2s,zfi3+Q9bN,facturacion/socio/logistica
102,ac3892cc-2b84-4b2d-b6bb-be55fbb3dd1c,jwickett2t,lw}{+33m'p12,perfil-deportivo/deportista/salud
103,211d5e26-b64c-479d-9b75-16d651578b47,apinch2u,"z""~XT$Q%4~",perfil-deportivo/deportista/salud
104,2651905d-6098-434e-81c4-d39fb12d8b6a,pblewitt2v,uY$Hi{@*!*Q,perfil-deportivo/deportista/salud
105,b13c3fab-baab-40eb-a23b-e60ad44e1f5a,pbrightie2w,"n<tC6d{o{""l9+P_",perfil-deportivo/deportista/salud
106,e6cd547e-7769-4b33-a36c-2c9a4200cf41,mmallord2x,"kc3""4fFX~r/}",perfil-deportivo/deportista/salud
107,24424d54-496c-4f4b-bb19-39e1b3a990d5,vschubart2y,jXlj7j2SFS,perfil-demografico/deportista/pais
108,b94671cd-994e-4ca9-8070-23c1b1352f11,nbillo2z,"ibbE""W7Ck7|,",perfil-deportivo/deportista/salud
109,1f82e7f4-7d30-4946-a4f6-79ea3d2648d7,bguterson30,"cWeGo,11C4Cq!I",facturacion/socio/logistica
110,ffa2e055-5c15-4624-b9e9-1c8c389d446e,mheinssen31,"ul$ib3'D""eq",entrenamiento/deportista/estado-fisico
111,61e092bf-6842-4a0b-a4ac-2fbbe0c20e61,wgillbe32,ua*Y1D{8%y}CD@,facturacion/socio/logistica
112,4ea4a25f-ff5a-40f9-ba6f-93e1e4274afd,lrasper33,dV}|v12'v*%3',perfil-deportivo/deportista/salud
113,c4f2a4e8-5e2a-4f95-a148-2a70285c0275,asebert34,d|#&(HAVZ,perfil-deportivo/deportista/salud
114,e5be1041-5a2e-423d-92e4-bef2984bb260,cquye35,wkn+.`c2PH&hWDvn,perfil-deportivo/deportista/salud
115,420374b6-5ec7-40e1-8433-494ff36745b8,smaccumeskey36,dZz{*Jbts,perfil-demografico/deportista/pais
116,d69539bb-81d3-42ad-8b46-a6478b32103a,mdefont37,lDx51w`)RSn~,perfil-deportivo/deportista/salud
117,a5995c89-fcfd-4fac-b405-a9c447c433ef,giacopetti38,yLs?BYC~|%o#0m,entrenamiento/deportista/estado-fisico
118,e7a18a7d-77c1-4e8c-b5ee-dfbd57696475,vpender39,"x,$?tLy8&a",facturacion/socio/logistica
119,67a121b6-acb8-4523-8653-37323f2883f8,dkenny3a,kW!Psl.VSz,facturacion/socio/logistica
120,4447850d-11a3-4185-9826-0b3b345e3623,kcolliard3b,yiQxs_#H,perfil-deportivo/deportista/salud
121,4c61fd5c-0b8f-4338-be22-9f86680890dd,blooker3c,e}UNXf%H?5G,entrenamiento/deportista/estado-fisico
122,fda1f70b-4c6e-41f4-a9ed-777490b4d595,rvillar3d,hm|@>_.P}=QI9.},perfil-demografico/deportista/pais
123,c09921c6-c0b2-4ff8-a85e-ca43b7c0b017,pgaspero3e,oBz2`q$rM,entrenamiento/deportista/estado-fisico
124,5896c171-4ada-4c1f-a7d4-f5fad7c71698,bmacey3f,a<'X+j'8UWuWq,entrenamiento/deportista/estado-fisico
125,1f3e8304-5830-4c65-8061-f1c510797ca0,sscholes3g,"gCR,79hkw$",entrenamiento/deportista/estado-fisico
126,202ccadc-a91e-4573-a27d-d1c4cde181fd,flademann3h,"m<tC4m`{""FCU@",perfil-demografico/deportista/pais
127,2346efd7-680e-4321-a8c3-690a7a060b2f,reakeley3i,olF5Xah7o$_@,perfil-deportivo/deportista/salud
128,a5b82f63-e538-498f-bda8-6cceaab71e65,nmatschke3j,"iHwyEE""3JC`{7Ef",facturacion/socio/logistica
129,2d40a427-03c7-4893-a49c-164f27782d19,tdarton3k,t6Y)i!{p,facturacion/socio/logistica
130,3b382643-8d71-4e1e-b611-587b0bcebfe0,lbeat3l,"y!%6.""Jd#rLc",perfil-demografico/deportista/pais
131,82f7489c-e5a0-4b70-a1d9-f626e0b6fdfb,gtours3m,yUjGAROkp@Cx>@8=,perfil-deportivo/deportista/salud
132,b8cd650e-ba4b-418e-94a7-9e3d7a240323,vlebrum3n,o)AdyO+b$,entrenamiento/deportista/estado-fisico
133,2b267245-85ea-4ec3-8e60-e87a5ac206a5,hrarity3o,"c#G+Qes@I""w",perfil-demografico/deportista/pais
134,a0d6d1af-9d8f-420e-9689-f0d0d2f6a946,dyeoman3p,r>y~QTLK`NebN,facturacion/socio/logistica
135,87a7e3ab-809d-4123-8a7a-4b0088a1b36c,lskurray3q,"hfX0gl,eRHaL.CVl",perfil-deportivo/deportista/salud
136,0b956bcc-c632-492f-b031-8d85e9cc60a1,sdalman3r,c|Ic9>LTPY8,facturacion/socio/logistica
137,3d6194f4-ac1e-405d-aaea-38953ceba795,jnewby3s,mVyK6rIamoyQ,perfil-deportivo/deportista/salud
138,6c5effab-2ce3-4406-bce7-8ea08de83187,iscardifield3t,hEc}53<PT,facturacion/socio/logistica
139,78cf1b71-5b57-4aed-b85f-6952c1b35471,htoupe3u,"pcw+s_gZv~nf,",facturacion/socio/logistica
140,63920947-c87d-4652-8592-976f9bddc2df,kabela3v,cXQlt(wJWY,facturacion/socio/logistica
141,a1518a7f-0471-4f7a-8748-197a3f2f7f76,aparkyn3w,j#Zo/{$m,perfil-deportivo/deportista/salud
142,364d0fce-56a7-4a20-b5a7-62f1d0459178,sheister3x,"m7I,/Zv{>I6.o#",perfil-deportivo/deportista/salud
143,69ff2857-a307-43f7-84ee-9fca60b119a2,bberrington3y,oy|@~7LAFti_1,perfil-deportivo/deportista/salud
144,aed0e875-cdf8-4a2a-9011-0a826f934381,jmilhench3z,nbwqRQK.,perfil-demografico/deportista/pais
145,a4d89da9-3e04-4a18-ae76-a3a3245f74bc,ggregolin40,ki\ec_`i!V|K\Ez,perfil-demografico/deportista/pais
146,06ac6e9f-0f71-47e6-a65b-821c79ab2071,fcallan41,"lEDPB$<""WZ",perfil-deportivo/deportista/salud
147,f7b53070-7021-441b-ac5c-d64d29d67bc8,tpagon42,vhhb+0E%1,perfil-deportivo/deportista/salud
148,6c09d151-3ce9-4b71-8335-8f4667b0b6e9,rcoyte43,b@O(0Y.}4V9,perfil-demografico/deportista/pais
149,f84e7ce2-fcc6-4028-9c9e-e3ee32a7ff95,ogolbourn44,cYK<%b%AD`j2J'k=,facturacion/socio/logistica
150,fa9d770b-38ab-4f46-89fb-3a79c86b1607,kbrussels45,i!dG?<Xv_@6{r/I,entrenamiento/deportista/estado-fisico
151,bbaf380c-23f8-416e-a492-ea18d848745b,gklaussen46,"m{#IhJa.Z""",entrenamiento/deportista/estado-fisico
152,3e2ca7c8-ecbf-4dda-b0bf-3fa56250b379,rgarey47,o_7&MeDO86h$J,facturacion/socio/logistica
153,b5ed5a62-9d8f-4ba8-8170-b02f6f53ae3c,jickovici48,u_9FnFMzE,perfil-demografico/deportista/pais
154,9a99dc82-42ff-4067-8e20-f9d1967ba59c,bruseworth49,pMAjH~<`Cs<O*Z,perfil-deportivo/deportista/salud
155,98f99619-59e2-4317-9f28-781ccf1e9a6e,jhawkridge4a,okQlb=Yv`7,perfil-deportivo/deportista/salud
156,dc5532bb-077e-498d-959e-601685ae1a64,wpellew4b,xc+qk'oaB(c&N0wg,entrenamiento/deportista/estado-fisico
157,1ffea32a-cab2-4338-9704-eefbb802fe7d,agaller4c,f'zV6sy5?\TR,facturacion/socio/logistica
158,da76625c-1fa4-4737-8173-f2301081ffe2,lcleynaert4d,yqy<PBydW\%}*,facturacion/socio/logistica
159,b20a63e3-17a2-4d92-a804-1b63d12e3b1d,bfargher4e,"mFyPj""vy*|",perfil-demografico/deportista/pais
160,b0429518-d37b-4c44-b4dd-9175412558fa,tnanetti4f,sCa}D<G.@P1SegaF,facturacion/socio/logistica
161,557cd0f4-8df1-481b-a6c2-489cec084527,mcundey4g,as4pM_g%,perfil-deportivo/deportista/salud
162,b9334d01-9798-4a95-8860-67aea25e669c,fthorne4h,"c8pe,#'=kT=Gp{/",facturacion/socio/logistica
163,8a53ec26-b75c-421d-a70d-9eecf774d8e5,slambie4i,"b2hm?""/a)Iw0?",entrenamiento/deportista/estado-fisico
164,95a174cb-fc9c-4978-9ef3-9592b50aafeb,kyeardsley4j,aT'zLl&zc'Xj,facturacion/socio/logistica
165,8b7120a7-55a1-4739-acbf-e6643c1f811e,cwillmer4k,nHO@WHAl@HG\Jj?C,perfil-deportivo/deportista/salud
166,f8178f7e-bc5f-499e-9e39-7bb38a10f2a9,bjonson4l,"t+V3#GvX2$B""{1F",perfil-deportivo/deportista/salud
167,e2db86e8-f58c-4df1-9a93-2f6f7c7c25e3,okirton4m,s6/NFuS)EC=~C,entrenamiento/deportista/estado-fisico
168,fb4cd9b3-9642-49ad-9aee-89f30b6ff91e,rmathiassen4n,k=9}CArqH,perfil-deportivo/deportista/salud
169,244080c6-563b-4ee4-a3a5-0cc323585a30,rducastel4o,q&WUV2UsoO,perfil-demografico/deportista/pais
170,2497eba9-7c77-4d46-9caf-f802fb7511eb,ksketchley4p,yNVMVOV+F}<G8Pq,facturacion/socio/logistica
171,70164b9a-d1cb-4563-bcd4-1930a479ee0b,bprettejohns4q,cC*{$Y)6go,perfil-demografico/deportista/pais
172,e1382091-b154-4e59-8418-e4dd3b523d20,foxley4r,alHB0wH0&ScA?msM,facturacion/socio/logistica
173,2a40c30a-74eb-404a-9e90-92c329938cf6,bdudny4s,vdjG?ldGB0,perfil-demografico/deportista/pais
174,efca2ab5-6107-40b3-a4a3-bc45df801b93,dstood4t,"f_>,<,*4?M)goR/a",facturacion/socio/logistica
175,29dfbbcf-8a9c-428c-ac69-316b55412577,rlowrie4u,nBN8BLv#AYw<>,perfil-deportivo/deportista/salud
176,c0b7c082-2b57-4853-88ad-299c37f2b539,emeriet4v,yrtwY5.YS75#hd,facturacion/socio/logistica
177,23c2ecf5-0bfb-4727-a699-2f040c0ee73c,gdavis4w,wa&z2V)m\Yv2U#U5,entrenamiento/deportista/estado-fisico
178,f79cab6b-dcd3-4cdc-b6d6-5bde51e76423,tmccluney4x,hLhh>dZ6<P('l,perfil-deportivo/deportista/salud
179,cac2c7db-71b5-450f-8918-602e8d54627c,fglisane4y,"kNc*j_f""pp",perfil-demografico/deportista/pais
180,8ce72f37-b0dc-4167-a427-d4bb74bb7481,rmadre4z,iE+uvps{Cb,entrenamiento/deportista/estado-fisico
181,d59b818f-0807-4674-b80d-a3f071bb4d0f,rkleinlerer50,c|6iERgt5*,facturacion/socio/logistica
182,71c169e9-fcf7-4c76-a9fc-36fa8bc3b3ae,tstrick51,w|ftj$|j*S,perfil-deportivo/deportista/salud
183,509bf496-7016-4172-8eb3-69d940d0e978,bcream52,de1h9ZWX/F,perfil-deportivo/deportista/salud
184,72a28279-d9e1-4522-95e9-2a6786517980,csoots53,vcDF9{/8qP,entrenamiento/deportista/estado-fisico
185,c9f541cd-712b-4d0c-8fea-7723e6986ea3,gdericut54,esXj+H$8UOx>>r=P,perfil-demografico/deportista/pais
186,6bffafde-0fc1-4b30-9152-af1a40131796,memby55,"d""Cnv8sZqT?k=",perfil-deportivo/deportista/salud
187,b5e04e61-cf1e-4fe4-9ad6-f0366578e808,mrippingale56,"k'9=I""k0q!xoFHW",perfil-demografico/deportista/pais
188,e75020d7-a05a-446e-933d-72cc5141addf,jscripture57,g$RFJoo_bR,perfil-demografico/deportista/pais
189,08333a48-d098-4268-a3bc-fd7c1bfd216b,crivallant58,d_t5BDy2<,perfil-demografico/deportista/pais
190,a10a5580-40c6-48a3-aaa0-4f2995db016d,aswaile59,yBxiU#/=2%hLJn$,facturacion/socio/logistica
191,f43cd1c5-9388-4592-959b-c2e3a2551952,aorford5a,vu8jW>_y*n2`AebZ,perfil-deportivo/deportista/salud
192,5e8c5b78-25cb-4ef4-9849-efe070ee6b74,tjopling5b,fXUydo(=P{@,perfil-deportivo/deportista/salud
193,4227bbf3-4f90-4c8f-8511-2f46603ce6df,aredman5c,xlXEJcukyCKv,facturacion/socio/logistica
194,6e261865-3706-49ce-a3b1-4a6a04aa8552,gvigne5d,"qVZOS(5e=Wf""f7O",perfil-deportivo/deportista/salud
195,202ed718-58bd-4ae1-91de-716a20a49301,hjohansson5e,mlZm%1l)?p~,perfil-deportivo/deportista/salud
196,0bcd6d02-de0c-448b-9726-5e4051bef294,nvennard5f,"r1VkeKq<&""9&",perfil-deportivo/deportista/salud
197,3180aebe-ee82-402d-a72e-9da38104fe08,jpummery5g,h5.YoUm`ga9,perfil-demografico/deportista/pais
198,43bacdab-8a13-4964-b621-b350bd2a1a10,dohara5h,"w9+\d7W43zg?,?2g",facturacion/socio/logistica
199,726b3365-8cf0-41f2-86f6-edc98a2e0cdc,mquinnelly5i,sxo0%YtD(?,facturacion/socio/logistica
200,8fd0bc92-080d-4462-800d-4a41f692fab7,jgislebert5j,gcUNZ(JSfo,facturacion/socio/logistica
201,de63123c-fd9b-4403-8ed7-b79ad1787b2e,rvolcker5k,y7r#*3>5<iijHLQ},perfil-demografico/deportista/pais
202,30bd3a57-f80d-4feb-8e33-052931066e6f,jbroadwell5l,o!SQs59{.j+eBu,facturacion/socio/logistica
203,4ee9aef1-da60-401e-bf22-e5d4b0c95708,aeffemy5m,m\k+u2UT.+z,perfil-demografico/deportista/pais
204,bc2ceeb4-3d00-430d-9729-a41d324a75c1,wolfert5n,ki464$BIcm,perfil-demografico/deportista/pais
205,1a06f095-da45-4073-95a9-32f4dea4c988,rgiovanni5o,rC#oJSthK`r4D\,facturacion/socio/logistica
206,e1e2c9e5-6748-405d-84c1-6bed6cc97c27,sellerey5p,p/D#)(<+,facturacion/socio/logistica
207,a0da5c7a-a583-48f5-8daf-6acadb073777,kpeplow5q,"y\BGe6D""Q4z",facturacion/socio/logistica
208,229eb0a5-36a2-4b5f-8f6b-fff4ead35bb6,ecollomosse5r,ofrkXJqj,facturacion/socio/logistica
209,3e91ade2-4ff8-4374-8c62-fe2e670e78ac,ncollum5s,"hZ31Egcn&Dbs""+d#",entrenamiento/deportista/estado-fisico
210,b49458d2-00dd-4b4c-a833-91c095612c6a,fbootyman5t,n@B*DMpsz3n!J,facturacion/socio/logistica
211,2deb635c-16d7-49c4-84df-b3977044ed1f,sgimert5u,j$LZ(33pJ,perfil-demografico/deportista/pais
212,a6680fc8-b33b-43ae-bd4b-ebfca950faf1,bislep5v,c<C&?Y!>/xu=ky,perfil-deportivo/deportista/salud
213,24454da2-a674-4624-89c1-ed5e5a57c80d,ifoort5w,m)D8vhNL8yL+q6,facturacion/socio/logistica
214,dbc65c1f-13b5-4b04-8945-fc65b31d9bfd,ibuesden5x,dGC3DL/U7*|gj,entrenamiento/deportista/estado-fisico
215,b3e8f693-4802-4cf8-b4ed-71bad85cb947,pknoles5y,"ubBs.H*V?Oj!'SD,",perfil-demografico/deportista/pais
216,40ee6797-2dfc-482f-a084-961b361d3e7c,rbustard5z,m?xEHNRWT%ao.,entrenamiento/deportista/estado-fisico
217,8df13f3b-7827-40d7-a90c-01eb97f4fc9a,jsmiths60,n9O|FVd@yeNy>jQ,perfil-demografico/deportista/pais
218,d7e5f105-c583-4e27-a2fd-e99355249dfd,tgopsall61,fx=#3y6L,entrenamiento/deportista/estado-fisico
219,03c1a633-98d0-4bf9-9619-9f51f03be8d0,cwoolager62,y5GE?I/0}2,perfil-demografico/deportista/pais
220,8fd24fce-0902-407b-926f-9a0ce967a587,oworms63,qu2UThRUuv4(h5K,facturacion/socio/logistica
221,2bd93338-8bba-40f2-bcdb-f69026773563,tgasnoll64,ucw*GOy&J,perfil-demografico/deportista/pais
222,24150aba-188c-4a99-89e3-6e7cb8cf8548,abillanie65,fZP(toPSd?|3G,perfil-deportivo/deportista/salud
223,4ae89092-af89-4102-a5b8-e53ecb873c7f,bgaskill66,f<P/eRvW#+,entrenamiento/deportista/estado-fisico
224,12aa3fa1-a9b0-4eb7-994f-08cdaa6cb8bf,hcuppitt67,h712DUhA0*I'5k2,perfil-deportivo/deportista/salud
225,4cd1f242-f5fd-415c-a064-ae8989a9b7a4,gwarrier68,kyZ+Z}X={,perfil-deportivo/deportista/salud
226,7b2cfb5e-f8f6-4b53-876f-e900df572bd3,dwentworth69,n&(m=pa}J7QJ8xe,perfil-deportivo/deportista/salud
227,81721bfe-14aa-4734-8e9d-531c49ceeeef,ppunchard6a,hC.qf}T*NWm($2,perfil-deportivo/deportista/salud
228,d8e72cdb-300c-489b-920b-7b168a433cac,ppideon6b,qwSo5HfPm,perfil-deportivo/deportista/salud
229,d7a65230-39cb-4ffb-a3dd-620866b782f2,mflintuff6c,"hZ5CIJRw?v"".7%5",perfil-deportivo/deportista/salud
230,64c9bc79-394c-4e7e-a6ce-1da1d6265271,kbalderston6d,bK3~/#Ws/5,perfil-demografico/deportista/pais
231,31eca290-1e16-49ba-8dc1-7378b61ca848,kbarzen6e,"d8Kx3F#""",perfil-deportivo/deportista/salud
232,5d6dc0f2-be58-4a15-bc5b-f4e459b8dc22,azettler6f,m/?t<M/pW|v&Yel`,perfil-deportivo/deportista/salud
233,523b05b9-400e-4878-9a96-61b9d8a6d16a,sstandring6g,k@7?CGuA?,perfil-deportivo/deportista/salud
234,6d522556-4fc9-41ef-9a0e-67d4f4d61f93,gwason6h,lzoGxjaaO,facturacion/socio/logistica
235,27dea481-0388-4ee3-933a-d2cfb75c58ea,schuck6i,p3P@cGvkHR,perfil-demografico/deportista/pais
236,4a191823-c706-4e4c-b20b-4915e43a7f18,jpilsworth6j,zNzY5=c6,perfil-demografico/deportista/pais
237,0d17e970-0d11-4c17-b733-52b068b41569,gdacosta6k,"wAU0i|y""",perfil-demografico/deportista/pais
238,52da2dd6-3ce9-4ed2-8fca-7c7beb5a9a41,dguerriero6l,"fWrY8NjP""H|",perfil-deportivo/deportista/salud
239,ab1c6107-13a1-4c9b-96f7-fd3c318ec34a,mgouinlock6m,"qEMe""G1<H3=83$t4",facturacion/socio/logistica
240,7bdaa0f8-66e9-4cb5-aafa-d9ba30fdf8c1,tsyvret6n,ar>XAK%WDoU&&h,perfil-deportivo/deportista/salud
241,6673a18c-7987-4fcc-aa37-dc08fc09a819,kalti6o,"fLYgQ\V#'+,\EW",facturacion/socio/logistica
242,b2ca4100-bd34-481b-bb7a-4bb70c8854c4,emeany6p,"rj5""p,CMfg=E&",facturacion/socio/logistica
243,247cf47e-84d6-473d-9248-b06e59a33434,cogelbe6q,dVe*F}Ll,perfil-deportivo/deportista/salud
244,2bbcaf96-aab7-478f-82ca-74acb3bb388a,tphateplace6r,y'J1r/&K%qs,facturacion/socio/logistica
245,4ae129c3-3649-4e59-9053-2709c0752323,wpickton6s,xF@3kPn'g2=5=t@W,facturacion/socio/logistica
246,e2c812d0-dd9c-4b52-90c7-1eb05df06624,hbasson6t,s|n\kJ(P@dXy=,perfil-deportivo/deportista/salud
247,cf46d7c5-788a-4ec7-b02d-daa679a26a46,bmccullum6u,ynlu9O6(iaI,entrenamiento/deportista/estado-fisico
248,80dae5af-eb9d-4313-8058-8d700867a7ef,bniland6v,g}cE5gh?3,perfil-demografico/deportista/pais
249,c669bb91-b986-491e-9dd2-73cd24608570,dsambath6w,aJ~sta4EC,perfil-deportivo/deportista/salud
250,a2e67ddb-4811-44cd-b1e6-4f17e51b59c5,sgoodoune6x,ouiZs6*<F,perfil-deportivo/deportista/salud
251,89b3cb9e-72e4-4712-bdec-db8f4625c78f,spiff6y,xC%1fFo=5Vxs*|eu,facturacion/socio/logistica
252,d1f9d5fa-32fc-404c-be2d-ce974a7e1e20,tgamet6z,"a,s7BcB?BBV)0aE|",entrenamiento/deportista/estado-fisico
253,518271af-99fb-4596-9c57-1a296ce5c2bc,zkirvin70,lj'YOTyNmjN=D,perfil-deportivo/deportista/salud
254,27cf9e50-3d6d-49a3-934f-df4df327d592,hbannon71,r)&nbnq4\,perfil-deportivo/deportista/salud
255,e55db57a-29e0-4816-8303-65e5b3585b82,oportinari72,byj}A%$=y#bx'$x',entrenamiento/deportista/estado-fisico
256,741c8e08-baa1-484a-bd86-6cf8d07dd1ae,jcampbell73,"ecI</w9WJ""`Y<&`",entrenamiento/deportista/estado-fisico
257,0421133f-2ca3-4095-b188-d8ba543df3c5,cplowman74,"b~Mq""/bRu#1",perfil-demografico/deportista/pais
258,95cb20f0-d203-4558-ae5b-1a1c2777453f,hbaysting75,n=2GyO(''(,entrenamiento/deportista/estado-fisico
259,3ea138e4-6800-4ac8-873f-8d41cd485984,sgwynn76,n/SJb_\g|,perfil-deportivo/deportista/salud
260,73849dc7-3db0-4946-aabc-4ca245258707,olethieulier77,zTE9O=M4,perfil-deportivo/deportista/salud
261,64360c96-6f07-4a72-85dd-2cb1c6b4a8bf,lvallintine78,eg3$mfT`8$v<,perfil-demografico/deportista/pais
262,28f44e08-2fe0-432a-8207-f0601ccc9df0,fmerrisson79,n3ycV(3!~dJyI5u,entrenamiento/deportista/estado-fisico
263,ba001d04-9344-49c6-980f-3d04278b2a92,igrigoire7a,v&A|<Y*D,perfil-deportivo/deportista/salud
264,988bc077-febd-443b-ac46-e598d267d8dc,vmcelvogue7b,h$$ixj9.ets,facturacion/socio/logistica
265,0e9a33e7-a721-4b70-891a-ac4c3bbe8538,gdurgan7c,"u=c.Qc,uWJ*_?+e)",facturacion/socio/logistica
266,8ffe2562-b9aa-4369-b68a-9c705c49e0e5,erootham7d,sp`/T6/k,perfil-deportivo/deportista/salud
267,d2a7843b-c1ac-48ba-bc25-88d9bc96d278,ibattin7e,"e9""H$1Q1",perfil-deportivo/deportista/salud
268,f8f4b162-5346-497a-8528-7139f9989c7e,hhindge7f,"mZju,Tu`1\",perfil-deportivo/deportista/salud
269,35913a2e-bd83-4ca5-8224-0bb92134a645,jdillestone7g,rUMxrI5oa)J,entrenamiento/deportista/estado-fisico
270,13d31999-023e-4ab9-8f83-3f55551dedf6,gseyfart7h,yIJxq71Ai,perfil-deportivo/deportista/salud
271,9a1d525d-1d06-4569-b5c9-67504320e272,rclay7i,"yR\Y5AO,VvtcNSA",perfil-demografico/deportista/pais
272,733796dc-1628-48e8-bd2f-dc13a14d5283,cgailor7j,"bvp8LrJeP""e",facturacion/socio/logistica
273,69b75580-f32b-4181-9272-f71701f6f6c7,ntorra7k,k2/~<PN{9cHbP?,perfil-deportivo/deportista/salud
274,64475c78-fe48-4ced-8253-ac60ad358953,cgauford7l,z7u4\aYm6Yneb,perfil-deportivo/deportista/salud
275,29c47a87-9d33-45b2-890f-035a87c06a70,chillatt7m,bOd6cVRf\,perfil-deportivo/deportista/salud
276,3f69ec26-7cda-4c76-963d-03cb5fb1411d,sbrumfitt7n,j1cxifo1,perfil-deportivo/deportista/salud
277,79f30b35-aa49-45e0-91e1-0d21a7e6525e,adumigan7o,doFJWP~RS?i`=3U4,perfil-deportivo/deportista/salud
278,f5349cd0-746a-47f9-9d45-8c0a6de677dc,nsuffield7p,pf>9BZKzSu*j#,perfil-deportivo/deportista/salud
279,3254fe27-7301-4002-8668-fce85ac73fdb,nwhorf7q,d=)y*/Kg8,perfil-deportivo/deportista/salud
280,de00c0bb-9833-4c2e-a496-4ff4381f8db5,gkendle7r,lPY3nsnlQ,entrenamiento/deportista/estado-fisico
281,cd4d18e5-353e-4e38-b8df-0512c73d1179,dphillipson7s,wluq`0ArinG,entrenamiento/deportista/estado-fisico
282,cc8e815c-9115-4ffa-a5f8-3758aea8e881,mcurle7t,"pw5ONUFAPFL,",perfil-demografico/deportista/pais
283,d947fde0-4637-4077-bbf6-5126a8630e9f,gfeldhammer7u,wlsWB/o$38seoH,facturacion/socio/logistica
284,53f5558b-f249-49e5-823c-45ce5493ad0a,bmattholie7v,j$K\SLX2kq7r@)B,entrenamiento/deportista/estado-fisico
285,648925d4-cd0a-4edf-bbb4-5e191e422cf7,rhakeworth7w,g'2T<0}6CRSp5{cl,perfil-demografico/deportista/pais
286,1c74f8fa-6911-4404-b4ce-0dbb5d016345,lcalverley7x,k_'}'2lEm,perfil-demografico/deportista/pais
287,ce54b070-6a5a-40c1-a6da-b590a1ad89c4,echapleo7y,e9D%c<C?6M`Th{,perfil-deportivo/deportista/salud
288,a09eb6fc-9862-4d4e-99ce-14ff7fa7cb70,acassy7z,"rT#ec""WNw_wb",perfil-deportivo/deportista/salud
289,58c6e4e9-dbd0-41bb-b0a8-d69717fab381,jmathiassen80,bW>8cv2`po,perfil-deportivo/deportista/salud
290,03fe8b07-9981-4fa0-9b78-5f11e1caf468,bormrod81,"k?}JPUUT}UO34"">",perfil-deportivo/deportista/salud
291,814f15c5-3c86-420c-b963-3500052d0b66,nanyon82,kqWFq_*s7N,perfil-demografico/deportista/pais
292,df31245e-1e78-4372-b998-5b3b77df61c8,tbowers83,"tVAM*hnOXd,sq?",perfil-deportivo/deportista/salud
293,787d4cac-2a9b-4404-8477-c85992d77210,wchurchley84,jO5V}u`/,perfil-demografico/deportista/pais
294,e20d7382-a759-4545-a48d-1ca4ae23497a,kgoodhay85,"y(_NOvLa,*5$}R",perfil-demografico/deportista/pais
295,9f8c021a-ca42-46e8-a974-01bb75fe8ee7,losheils86,b/<UXMAEH.0pdp,perfil-demografico/deportista/pais
296,93e19375-4aed-4867-a147-f5de654f248b,dbavridge87,z{$CwWjZ\Y,facturacion/socio/logistica
297,78e66777-c8f1-48ba-84e4-2d4116eb8c51,nmalloy88,g1g=ZdU<J{_,perfil-demografico/deportista/pais
298,c3f838ea-b569-4cea-819b-e1fe9576c7d3,fmcquorkell89,p8Dc6_g>Y,entrenamiento/deportista/estado-fisico
299,e3251c92-17d1-4c20-8963-d393e17330df,cstennett8a,"ut_O$F""Bvb3",entrenamiento/deportista/estado-fisico
300,bec598fa-9f35-482b-9752-e6583f918e5d,ltheobold8b,pxjfA.w!6s5sU<VR,perfil-deportivo/deportista/salud
301,96dd092f-c406-44b6-b3b4-f35fbfb43775,dmoncreiffe8c,w?A@*%Q{YrF>,perfil-deportivo/deportista/salud
302,23ed7481-e3b1-4484-8bb1-355282fe5793,afforde8d,aA<?g4RQ_T?H,perfil-demografico/deportista/pais
303,8bd224ec-0419-4f7a-bf92-646f7d259e74,otodarini8e,"ziGf_/.&""Lzw""5C",perfil-demografico/deportista/pais
304,9622ce04-de38-4126-b621-c0e34cc63676,droubeix8f,oz>/_F.%+7<),perfil-deportivo/deportista/salud
305,6d8805af-eb4f-41d0-9971-c6f21c9b2af0,mmetham8g,vyqNc9uE#,perfil-deportivo/deportista/salud
306,b87d784b-86c9-4b64-aaf9-c2802a2180bf,bchellam8h,sJjXzpI.q,perfil-deportivo/deportista/salud
307,13029229-2466-4351-b89c-0f8b792991d0,jposchel8i,jfr.ZYhdTn{(,entrenamiento/deportista/estado-fisico
308,118bb2f5-04ed-47d7-adb2-e3d0dae2047f,dshanklin8j,tL1gPw<jj&syvs,perfil-deportivo/deportista/salud
309,e38ac5a6-1dcd-48bf-a4b5-752486bb9a6a,bdurnall8k,wX|BtYCl2I,entrenamiento/deportista/estado-fisico
310,6c90d36a-d6be-47ba-8481-52c2ab7c80fe,bearry8l,hG6s>doZX3,perfil-deportivo/deportista/salud
311,5b2ac43f-fe38-4747-b686-58b8bcf4aa8f,sphillipp8m,ry&Ry}sK,perfil-deportivo/deportista/salud
312,c4a9368d-d9d1-4d7b-a349-aaf60530e882,bhaversham8n,xlrAHVwK,facturacion/socio/logistica
313,ce5590f1-28a6-419f-b898-5df42a902351,apenswick8o,"j?DPmq1<N""@<",perfil-deportivo/deportista/salud
314,5da8a7c6-d45f-4e0a-99ca-eca6c2617d4b,mleband8p,vcgWg3&@e2UM$mZ,entrenamiento/deportista/estado-fisico
315,648a680a-d8e9-4a50-b7c8-f7bed23453d7,jclaibourn8q,iYG$MVgCR/6q},perfil-deportivo/deportista/salud
316,bda7dbfb-4970-4c69-9152-e4702c1c6075,lhalbert8r,sRCCmwE6c>)A9Qz,facturacion/socio/logistica
317,5e421412-9885-4c1a-b1a0-17242bb29148,probison8s,lBz(s&Jku,perfil-demografico/deportista/pais
318,5a626182-c60c-4dc3-910f-2e3b4c209211,ccantua8t,c}'B+Sp.gxcN3!)Y,facturacion/socio/logistica
319,01e96c0c-98fa-4f05-ad76-dcdeb9521019,jpurtell8u,cB3ednJyfs@,facturacion/socio/logistica
320,7d99535c-a427-4142-8fb8-fbc59013e783,tdorling8v,cLyhw>uF1f,perfil-demografico/deportista/pais
321,18e1060f-03b8-413f-91df-467100838caf,dpadillo8w,au2kynRc'U|GQ,perfil-deportivo/deportista/salud
322,4a254d24-b5f0-4a14-b497-28abf5a2280c,ifairs8x,"q,S9,>sH",perfil-deportivo/deportista/salud
323,4cfef92f-6762-4585-a3e0-f48ae5871bde,csorrel8y,yRbQeLz&w38,entrenamiento/deportista/estado-fisico
324,08720825-523c-4b16-9bbb-b51146b4ad83,sbateup8z,p/t6{ep|,facturacion/socio/logistica
325,04525654-dde7-42da-a8a8-a88a3def9389,rmewha90,"l,yx72eA",perfil-deportivo/deportista/salud
326,b1551167-5190-4df4-81df-46c002f01f1d,etharme91,wkZ!nJI_1,facturacion/socio/logistica
327,4c37c924-ebae-4d76-8c56-5899fc5c5a6b,goakinfold92,"lJh=r@~""&_",facturacion/socio/logistica
328,bbe3e88a-d2f9-4d21-9ee6-1c0955ee536e,mvanyukov93,"j|og|t.O{m,",entrenamiento/deportista/estado-fisico
329,1f169905-3e87-4367-a038-89d64df89e15,rscarrott94,kI0|KpwI`OpJ_,entrenamiento/deportista/estado-fisico
330,037a069e-b829-4426-af43-e6dfb308c1b2,gsterland95,"yBg2wTc,Oxge>OI",perfil-deportivo/deportista/salud
331,a430f7c2-6bc3-4a3a-8c04-c273b1949013,flunk96,jxeZPlPFMO#U'a$&,perfil-demografico/deportista/pais
332,f4fcfe3c-6d28-4c6a-a59c-8d071d4f3480,jdagostini97,u}3Pe&Qx0!0<v),perfil-demografico/deportista/pais
333,2583021b-2a94-47ff-96ad-32e269b8bfe6,gorr98,o9l}oR{p,perfil-demografico/deportista/pais
334,484c43e2-3e05-4e6b-a8a8-0eeb1638d2b8,wtumbridge99,r3Gf&#QA@.FC1=h,entrenamiento/deportista/estado-fisico
335,57967ec5-c92d-4beb-8d79-8d9f05620e80,abaird9a,vic|<zaoIB,perfil-demografico/deportista/pais
336,263ae419-d8ea-4fc9-b747-7954c1376658,lohingerty9b,t={=@8|ad,perfil-deportivo/deportista/salud
337,d93d4035-596c-4fcb-aa20-6892a0c37cf9,mvasyuchov9c,o}s\3O36//D,facturacion/socio/logistica
338,cb6b3c10-2ce2-4c18-b0a4-6b112d7aa955,gvasyanin9d,lr?10uqy9,perfil-demografico/deportista/pais
339,2382df36-841e-41d5-ac80-e2485903f3f4,nfisby9e,m_*x{Igw|Fj8Xl,perfil-deportivo/deportista/salud
340,fdb0916f-5c29-46a0-bdd4-f606bffc0261,dgascoyne9f,iEuU'G7$,perfil-deportivo/deportista/salud
341,b1416d1c-1ecf-4427-8efe-a0d3bb7e0db1,bkobierzycki9g,iX#=8D*\<_lxkd,entrenamiento/deportista/estado-fisico
342,4ea40df8-1b83-44a0-840a-8e19d700f99b,abromige9h,xA9`3=@UB7,entrenamiento/deportista/estado-fisico
343,fc10370e-fbc1-4f1a-a264-36214f88b1af,akull9i,xmbCoipHSkn,perfil-demografico/deportista/pais
344,0efad957-4a91-4278-8582-6eca4df8bd4d,khexam9j,jqPE72Kcj8$aRK,perfil-deportivo/deportista/salud
345,5f9efafb-4338-4486-9457-afc9bd62a7a8,lkilpin9k,l2$G_%NJcU1dK,perfil-demografico/deportista/pais
346,5b221841-4008-40dc-9808-e3dde9e7b786,kbranthwaite9l,"jVJ)DL8jm%""&vS}",entrenamiento/deportista/estado-fisico
347,237bfe64-5886-4801-889d-63baffdca2f0,ljanicijevic9m,"b3NZE?m,f0k",entrenamiento/deportista/estado-fisico
348,5a798bdf-66b7-4ffe-87ef-000ac012dfbf,simpy9n,f~K5IL#YI,entrenamiento/deportista/estado-fisico
349,a7db899d-e9d3-4c51-9a3b-1aaa2e3915eb,lmanssuer9o,"lHT/M,zlpZ6{?O""_",facturacion/socio/logistica
350,ffb034a3-3c36-40df-abe9-baf92152cf8a,acayet9p,"y.>"")meo~l%Kw2g",perfil-deportivo/deportista/salud
351,cdebc309-77e6-4eb9-bd3c-470c90e3c7af,bsparkes9q,ryUvQE\1%YnEt_,facturacion/socio/logistica
352,8f9cfcab-6ee3-431f-95b0-6f21cc9541da,pmoncrefe9r,i}L5n+>/v9PS,perfil-deportivo/deportista/salud
353,76740158-2a45-4599-b886-ccc34aa7091b,dbowhay9s,s5L90'9d<'u3y}m,perfil-deportivo/deportista/salud
354,06059fa6-5029-4887-83e7-e2ed3acca19d,opaddeley9t,cG8BIQm//$tS,entrenamiento/deportista/estado-fisico
355,d4ab5f3e-e3eb-4e89-a9c7-8c59842ca4ec,sdensie9u,t5p)A4VN?5W.5Ngz,perfil-deportivo/deportista/salud
356,3be68b2a-d1a5-419d-b9ec-d348aaaf3d5d,zcraster9v,gxu/d_99oWS,perfil-deportivo/deportista/salud
357,b41e311c-76ba-45f3-b5d7-de8a59a4eb9e,ahoovart9w,acQFlzKSgS,entrenamiento/deportista/estado-fisico
358,8e129872-7c46-4493-a118-7fb078d1643c,ltilly9x,p)z4+A~=Uw#z,facturacion/socio/logistica
359,2f7536b3-565b-48d0-9c78-e9f172b83618,esiaskowski9y,c+#W#VG&,entrenamiento/deportista/estado-fisico
360,38eebd0c-daf1-4a06-9c2a-cd0d053b1975,dwoehler9z,uCN1ADOli<sT,entrenamiento/deportista/estado-fisico
361,0636caa0-131c-4bf5-b099-7eb25116f98e,lstangoa0,nQy8ODgoQTP,facturacion/socio/logistica
362,f4a2a800-6f19-4807-b89f-0bd3359c8d0b,ckerswella1,sysdkj$'.8C+k,entrenamiento/deportista/estado-fisico
363,bf5ba1ec-9940-484a-b123-043054d9cf61,lcosensa2,dpww\zY#BZy,facturacion/socio/logistica
364,83e8e5c9-eba3-4177-b76f-a7abdd5a5e4d,chalwilla3,tT~dMH4B9tH.T_46,entrenamiento/deportista/estado-fisico
365,47da11c1-7373-4d51-82ce-07cf71b38ccd,dlaweya4,c/SzQ4Yk,perfil-deportivo/deportista/salud
366,35d43102-fa8c-43e1-95f4-3a65195d9883,emoodeya5,nT_p?+)C{3~b,facturacion/socio/logistica
367,36c006d9-854e-4b0f-ae15-1cfe79b07535,tbrentona6,b`?d?7y'Pij,entrenamiento/deportista/estado-fisico
368,0f6ca400-16cb-4cea-82fb-42d0df27b592,kshukera7,yJ1%(&4ZJP,perfil-demografico/deportista/pais
369,bc45aa6e-a150-44db-9579-8c3be0f2badd,csikoraa8,wq<DpVQ(p,perfil-deportivo/deportista/salud
370,1a2b5c8b-e502-4f57-b25d-77d8eb0678aa,gbirtleya9,t'gRD@<Ej,perfil-deportivo/deportista/salud
371,1126f357-55fa-4fff-910f-22cad50b72bd,screaseraa,"lmX4PYyFZA*,",facturacion/socio/logistica
372,d92ff35c-abbb-43af-a41d-f4e233b425b4,aheathfieldab,"z""+5jz(3",perfil-deportivo/deportista/salud
373,07b3bf93-ef29-4e5d-85a5-b0a3edd1a175,wmilliganac,mR8ds=guXp,perfil-demografico/deportista/pais
374,fa6b538a-ebd4-45b1-9335-30328efb2eb7,agrinikhinovad,x7pMxe2N_?%gN/3,facturacion/socio/logistica
375,5bd4c39a-e09e-491a-a67d-6e9dc57fdb9d,rbarkworthae,vjHG`PXZYL5xM2(G,perfil-deportivo/deportista/salud
376,37dec026-8613-4064-a0d2-c9d8cfb3ac45,agrabertaf,c@|UivO{,perfil-deportivo/deportista/salud
377,808c1376-caa9-459a-b108-a96ee9719e3c,slistoneag,ui6=oA?XOen9,perfil-deportivo/deportista/salud
378,1305a622-a474-4257-a175-16917da99973,mfessionsah,"k~0_""|k?39|r/N3O",entrenamiento/deportista/estado-fisico
379,81483ddf-2dca-4fff-b491-6ac350a173b2,kderycotai,tS'Nr9|4,perfil-deportivo/deportista/salud
380,78d7c29a-21bc-47b7-a301-cad927cf3efd,lmedlandaj,aYst}<q<Zl,entrenamiento/deportista/estado-fisico
381,cf1fe76b-6c35-458d-8e75-8f726f4ba30e,bfilipiakak,xmvN!t?Olm`,facturacion/socio/logistica
382,bd2213fc-467e-4c0e-a83d-1eb7711be5eb,doflynnal,"m\k"",HL%)p",entrenamiento/deportista/estado-fisico
383,a2d546c9-661c-4dfc-b711-e8072661bc29,fchildam,"rAbdoPHu+xn,H$",facturacion/socio/logistica
384,6d8166af-fe96-444e-a506-3b317b2dd6ee,bdabellan,y&|%nT3VJ,entrenamiento/deportista/estado-fisico
385,8fa790fc-1e0c-44ab-9b4c-7304db6b7690,asinottao,i6EQ{<pbMw`{P5,perfil-deportivo/deportista/salud
386,ea37c527-15cb-4eb6-b331-d5c5b0466563,pscothorneap,"n2}yXgWkwJrt""Z",perfil-demografico/deportista/pais
387,095d095c-c7b9-4f28-bfe1-1f14a946bc0c,fscobleaq,uo<kZzDTB,perfil-demografico/deportista/pais
388,71e4d4af-85c4-4824-a020-f7e37793a640,santeckiar,d/$f{#}IYW.B,facturacion/socio/logistica
389,d345ff9c-f727-4e01-85c7-e28350625f72,aroskellas,o)lyM\6h*(RxjxN4,perfil-demografico/deportista/pais
390,d61dc476-746c-4b91-92e8-e16a18abd421,lfeaksat,"q7rjoIOm""1,",perfil-demografico/deportista/pais
391,ac05268d-074a-4138-96d6-2c3d7209507d,sbranthwaiteau,mN'jtllp$ZMawFoN,entrenamiento/deportista/estado-fisico
392,a2739777-f31b-49ae-bc7a-97a2b87e34b5,gmcalisterav,jMq%jrEK<kB.,perfil-deportivo/deportista/salud
393,835c135d-ff81-4d3a-b61d-67ad415c16b4,lmcgibbonaw,"jZ3CRFj0bA""S",facturacion/socio/logistica
394,b0b128c8-eabb-4dc8-90a6-c66514deb266,avanbruggenax,d(_e8xQGl0z`k,facturacion/socio/logistica
395,fef84266-158d-4452-9b24-60a32445bc8e,wlepoidevinay,a*jY(Khr'@$rwg,facturacion/socio/logistica
396,de1cc07d-d6b4-48f1-a5a6-6d92f121bb00,iburgumaz,"lkx\vG""@*>jF.dRk",facturacion/socio/logistica
397,be43e105-68b0-4147-8d82-7ae5fdd928cb,poddboyb0,"wTJIQvTs=Gn~,",perfil-demografico/deportista/pais
398,d5cb2039-5784-4d7f-a6de-f69cfbecb4eb,gmartschikb1,iZl>/sRnLR0=v,perfil-demografico/deportista/pais
399,e18c4580-e9fc-41a3-bc14-40b58a8d482f,narnholtzb2,od@MN+?Pv#or,facturacion/socio/logistica
400,de14baf9-6c84-4947-a0cc-35c2ddcc5014,gperryb3,u!=I.is1/`mvO,perfil-deportivo/deportista/salud
401,23f5cf05-a1df-461a-8204-ac7a3adeb406,ahakesb4,nnB>leVm,perfil-demografico/deportista/pais
402,023a2778-3e44-4136-94b7-e620b45f0f71,hbuzzab5,tG&_NTE@*,perfil-demografico/deportista/pais
403,901af58f-8adf-4ec8-b297-433c0bf9bb12,gmccaughenb6,e*HQ=\Ywf<7j,entrenamiento/deportista/estado-fisico
404,17d89484-ec14-4f32-b9bd-159fb01c13ad,kwybrewb7,nV+@g9A_i?CA/e,perfil-deportivo/deportista/salud
405,ae6fd2f7-6ed8-460c-ad08-f61c51f115f3,vcarmelb8,"tkjRC{fxI`Vh""&_#",perfil-deportivo/deportista/salud
406,1002755a-545d-463d-8838-b6f5a36ac35b,lsprosonb9,efrj+Z5@')),entrenamiento/deportista/estado-fisico
407,a6b6af8c-a056-426e-8b4a-9542020b7a5e,jdufaurba,prCqc*x=f2k_,entrenamiento/deportista/estado-fisico
408,385f1481-2491-4a6b-bfc0-d9285f91ca5f,bwerendellbb,xH2F+bomH6><M.,facturacion/socio/logistica
409,8d97b537-b5e4-4fce-afe9-5f5db15c32ce,mdismorebc,j7xp9FfpPf|*S8.l,perfil-demografico/deportista/pais
410,32860709-f649-48da-a6c3-e24b7464da84,lgarlantbd,l0AofK98R7@,perfil-deportivo/deportista/salud
411,97734c2e-6895-419e-926d-92a29b9bbd1b,abussellbe,yRQ`~$=>b,entrenamiento/deportista/estado-fisico
412,6b2e3698-d471-4aa2-91c6-c1c00d465c73,lkirtleybf,ws.N8)5|B.,perfil-demografico/deportista/pais
413,65eaba20-3142-4e1e-aa97-040216406cc4,rkeddeybg,rDN.QibauUhI,perfil-demografico/deportista/pais
414,d108d3c2-bff9-4cee-a13a-a874847ca13a,mdiffleybh,j)~br`bYb,facturacion/socio/logistica
415,4c985803-4900-48ef-9913-b60ca0b2b0ed,rfarakerbi,cgW$}q4BWN,entrenamiento/deportista/estado-fisico
416,feedadab-c318-46e1-a939-565ab57f97b1,cgronowebj,z+F=IT(HF=PY,perfil-demografico/deportista/pais
417,e5e5cf96-66a2-4dac-bf71-b96fd84914bb,cdeblasiobk,npAygdf#Wvgp,perfil-deportivo/deportista/salud
418,47968f77-671f-4df3-bb37-4331b2b08871,pdunleybl,vyUUF#+?3nu,entrenamiento/deportista/estado-fisico
419,dd9a56a1-65e2-4323-96c3-0ccb019397e4,adumbartonbm,acDh+WEPC_FPR,perfil-demografico/deportista/pais
420,29620295-c43c-4812-89c1-04d585ac59b3,bpohlbn,"pvSn5,#sx(AK",perfil-deportivo/deportista/salud
421,441285cd-7f62-42fd-827e-af7461496aad,dairybo,m.Q{\~hm#+,perfil-deportivo/deportista/salud
422,1a8057fc-4ae7-498b-ae14-88919a4178d8,cboorbp,lkK}+E<?,perfil-deportivo/deportista/salud
423,b1fbfa08-bc95-4c8f-a662-37e16d9c985c,lbambrabq,ldnZTHtadS#Fs,perfil-deportivo/deportista/salud
424,be5addf9-9bdc-4308-b141-661f65baff77,nferraresibr,qZ>'%5LX,perfil-deportivo/deportista/salud
425,7baff0af-1bd2-4410-adc3-1faaca03b922,aattockbs,ukhsMfp2TimH&Rv,entrenamiento/deportista/estado-fisico
426,8680ca0e-1786-49da-9bce-820a508f0091,garrighinibt,dd&|dR%}XmR#&*}f,perfil-deportivo/deportista/salud
427,2440224c-2265-4b20-a92d-6ef3b7d9a648,celiassonbu,cq!BW?olZJ,perfil-demografico/deportista/pais
428,a43644c9-d6ca-404d-b051-e7a2b24e355c,bdenyaginbv,mW_ulSOJ>,perfil-deportivo/deportista/salud
429,955ae0d7-8eb1-4cda-adad-0ef01590acb4,tdeggbw,"s<),_)d*",perfil-demografico/deportista/pais
430,39ce2ac5-a866-4e8e-b380-55c1fbf5a40d,thimpsonbx,h#dA/=@|(ZO4_L,perfil-demografico/deportista/pais
431,83861ef3-7f90-4d78-89cc-91953eaa7243,gpoultonby,"s3kwZT""m~Y&iM=@",perfil-deportivo/deportista/salud
432,8f44006c-be24-4f76-9f20-c745e34fff2d,swavishbz,tCa23TlNloSq,perfil-demografico/deportista/pais
433,f89e5db1-e7c2-4973-a3a9-beceb3b3721c,bcharerc0,"iPrwS1,OEcQ7",perfil-demografico/deportista/pais
434,1ba921fd-1f9a-4ca6-a864-4277167d0084,snibleyc1,ks@6R\t9iaWV<,perfil-demografico/deportista/pais
435,aeda4809-9afc-4f21-bc69-d1123777abb4,stallowinc2,"mhLkz""9fNsF%Qq",facturacion/socio/logistica
436,a9eb9346-3a6d-49de-8fe9-b71469721687,cwoolenc3,"i|OEZ,&!&J",perfil-deportivo/deportista/salud
437,c7513a1a-b09a-4e80-90b0-3b10abb5e94f,ogerokc4,cN\by6X!!,facturacion/socio/logistica
438,73dcbe89-d7c3-43e0-a590-d76afe58e88b,fmellsopc5,"qd/\b(\y,t*YZ",facturacion/socio/logistica
439,0f526dca-371e-4a95-9c7d-2f7edcfdb631,rsiddallc6,krG)bNlv\v,entrenamiento/deportista/estado-fisico
440,ca20d5bb-512a-4389-9f00-1b147830f29e,mgeillierc7,su'pm#)bqv~=3,entrenamiento/deportista/estado-fisico
441,6d4b15ef-3478-4af3-8ed1-4dcbc2aa6293,fbursnellc8,g!j@/K&fw55?XtVj,perfil-deportivo/deportista/salud
442,3f7a451c-e804-46c8-88e2-9346e2bbff04,lmayersc9,ca<M591/%,entrenamiento/deportista/estado-fisico
443,244bdacc-22a7-4d15-bf9f-3262e4822513,cstratheca,vhHQTO|Wz)9HG,perfil-demografico/deportista/pais
444,1309fba2-8328-4964-aa10-fa0dadee4826,rpreshocb,"c),Q7_s?8u3sy",perfil-demografico/deportista/pais
445,80fd6ffc-993f-461c-bf76-27f3affb4f96,bcossoncc,"f3e!~""mR)Vg",perfil-deportivo/deportista/salud
446,ac8448c0-dec4-4649-a2e1-2c2e5cfb58f2,wkaszpercd,drdJ{)=%A9,perfil-deportivo/deportista/salud
447,0f3ed607-0123-43a3-b5b2-aeb805612827,pbuckleyce,qjxq_89XC3Dv?3',facturacion/socio/logistica
448,f732dc09-60f0-40f6-a5c0-d285709cc13c,ekolescf,lv{NW_Bx.nLm?Oap,perfil-demografico/deportista/pais
449,5b6cdce5-9699-4148-aa98-442c52f529c8,mleylandcg,tRx3{1F=1+{&2t,entrenamiento/deportista/estado-fisico
450,ef819b63-033a-460b-9c95-008ba5a59ef8,chandrickch,orA\0Cq%aj!!xtWB,perfil-demografico/deportista/pais
451,e7e63fe6-876d-48a4-9519-83bb089431f5,dasaafci,p{E*LRU<D1J9Q!,facturacion/socio/logistica
452,886258a0-75cf-411e-ba1f-99f231231150,rwaterhousecj,wi@!/6rG|Qyc,perfil-deportivo/deportista/salud
453,faa70989-c30c-46cf-a06d-aacf11288cde,kbromidgeck,zHi)1phSKv,perfil-demografico/deportista/pais
454,48d73641-9aee-4faa-b516-2ade802f625b,adonaldcl,"a962""uf\x)>A>n",perfil-deportivo/deportista/salud
455,906497b7-6247-418e-8bb0-d4cf21fee0fb,tlentecm,"kAq,|>h\roGtM%",perfil-demografico/deportista/pais
456,f8dff9fd-718d-45df-8d78-d8ce1da0d6a8,kmackettrickcn,t$w4P*D1,entrenamiento/deportista/estado-fisico
457,74b6d470-69bc-4529-ac96-2aa108265dd3,hbreckwellco,aW/t0pdDw,perfil-deportivo/deportista/salud
458,96828604-66d7-4d90-8b58-90e5bbf668db,jjonescp,h/gTiVNzz.R_cR4,perfil-demografico/deportista/pais
459,30ef19c6-30d7-490d-a177-a39c8fbe260e,scoveycq,x*(88pV'V,perfil-demografico/deportista/pais
460,b7800e7e-a304-4056-aac1-c77d64b3d539,nlorrainecr,r@`BSS6/)7Z>,facturacion/socio/logistica
461,617964f0-6940-43c9-8137-995c304bd9ee,mrobilartcs,oxnVF.K8z,perfil-deportivo/deportista/salud
462,ea6f13c0-0e78-441b-8f1e-5559bf6da9d3,ccairnsct,"c,c_w*M7?9ng`1",perfil-deportivo/deportista/salud
463,9edc80f8-a909-4d67-8abe-3395584c1964,rrentalllcu,"uUMGrBe(sI,Al3T6",perfil-demografico/deportista/pais
464,06a25ac2-7cb6-4e06-83a2-528189c250d5,mbrennanscv,z2apeKRYo,facturacion/socio/logistica
465,9cea0d09-4fc4-47c4-8cad-458e49b7e654,pmcnirlancw,xi8Z=QgXD,perfil-demografico/deportista/pais
466,d5bb92ad-9f01-4ea1-93b2-35784a41361a,llomaxcx,q=(.v`|$}o,perfil-deportivo/deportista/salud
467,390e4185-eae4-4b29-82d8-4a410924b883,dhuggillcy,jSJR&!4_@G6R8R,perfil-demografico/deportista/pais
468,b91ccb8e-5452-4cc7-847c-b531235d9bc9,mpleumancz,ovOMprR(&x*qSEd,perfil-demografico/deportista/pais
469,1c96525e-b443-42dc-9235-32170a770c2d,ainmand0,"cfpW9y,eMm",facturacion/socio/logistica
470,1dc6487c-2eca-42bf-972a-bf832cdbcba0,ldoerrend1,yql@xdTCXZ,perfil-deportivo/deportista/salud
471,ac496868-8361-4c6b-b274-e51870308def,ljoscelind2,h8uEvtbkVI!r,entrenamiento/deportista/estado-fisico
472,1dd29aa2-1ea4-4c5c-a8f4-17265773920d,kacostad3,v!FjFiY_X5,perfil-deportivo/deportista/salud
473,19898ccb-2a0b-4d0e-bb25-ac0efbac0d25,vpittsond4,e`s}~k}|v!6>w,entrenamiento/deportista/estado-fisico
474,873ff1ce-e8f6-43ba-ac0b-8eb29c5bdff0,vbradfordd5,mLWWux|sh@c#x,facturacion/socio/logistica
475,ff5cce4f-db03-4127-ab0c-6ed0d858702e,mpaiged6,"ioC&y!6>y,_\zrJP",perfil-demografico/deportista/pais
476,3103d018-72f7-4506-94f9-3896afe9e16f,scantod7,dEN?Y)zz|\=l?E>E,facturacion/socio/logistica
477,3e55a73a-eecc-4fff-b77e-75ffbb1ad997,edorbond8,r\G0T7{iTi,entrenamiento/deportista/estado-fisico
478,a89b253b-a6a7-4a48-b605-db8566c69ecb,kabatellid9,a3yZ5d5k)pxEfIW,entrenamiento/deportista/estado-fisico
479,68132099-905a-4d3e-a740-4420d9872c18,dbloodda,uLkgTF~h&NFb,entrenamiento/deportista/estado-fisico
480,a5d33f66-d414-4eab-a01d-40aec5c1c817,bnoquetdb,u<sW+bYL`a0CN7P<,perfil-demografico/deportista/pais
481,a77829ab-2a9d-4397-8241-2e8361960311,cyeatmandc,r`8DdW@E,perfil-demografico/deportista/pais
482,25861bd4-367c-4047-8103-822b295b7418,ysouterdd,jXvhzFW_HwLDe$jg,facturacion/socio/logistica
483,e6963044-71c6-44c1-a34f-c04a686b8748,tgurgde,v60LE.wJ2)6,entrenamiento/deportista/estado-fisico
484,fc5a9f44-a357-46ee-a88d-0e4ae04c70c0,wgiacomuzzodf,h})nEo8KY\oWy,entrenamiento/deportista/estado-fisico
485,1c0ea345-45df-4b0f-97bf-9843cc5c545f,ysinkindg,p/SBoyPD14s&C_,perfil-deportivo/deportista/salud
486,a7d65282-8de0-42f7-b319-e5ca0dba2f19,fcotedh,xZWCCo<@gnG'c,perfil-demografico/deportista/pais
487,13789287-18fd-4adc-bdd4-1928761bc654,fkennermanndi,"jNu5,nw#$,ga}19",facturacion/socio/logistica
488,8ff95e7b-a25a-4937-8343-af19562d759d,dcoursordj,zMx)3M3macAIZI,perfil-deportivo/deportista/salud
489,a55ea7da-f406-4f2d-80af-6114bc7f40b1,ekassmandk,k)DPKeO!hR7z4,perfil-deportivo/deportista/salud
490,afdc11b4-6a75-4025-bdc1-c852135fed2a,hdeerdl,"l3KhoB.#""<G)",facturacion/socio/logistica
491,423a22b4-f536-4090-9afc-87ee13d81325,measterbrookdm,aQtirk4XV}>,entrenamiento/deportista/estado-fisico
492,21a11852-a9eb-44be-8d8c-db77a83d34be,jeskrickdn,wk)E9b@%Dasz,facturacion/socio/logistica
493,1110f461-43aa-4d5a-b1ca-04efe06c1bce,ospurrdo,c}hGsWO$|x,facturacion/socio/logistica
494,b4452ca2-fc3b-4dca-a694-30c7fd28a3f6,nmussallidp,"gPU3Q,5,}?C5Z",facturacion/socio/logistica
495,1a6face0-12c8-4f73-a55d-fd693df78f1d,sfiguredq,ndf@ZWyTU7cY,facturacion/socio/logistica
496,47c3fb67-424f-4626-b887-0c70be043ab1,acarmeldr,p\_yqAp>o,facturacion/socio/logistica
497,2e06a5cb-2ce0-42c1-af64-dd3210b4d0b4,thryskiewiczds,n!n%7yV)(V?o,perfil-demografico/deportista/pais
498,1d4d1d38-1fef-452b-ab57-d1499f24d5dc,alegooddt,r&ys?#Jh%%.EqUk{,entrenamiento/deportista/estado-fisico
499,4477979f-6ebf-4e11-b337-2af1e5154e68,aboshelldu,"qTdbhOG""HK<)5",facturacion/socio/logistica
500,7f5e7d98-904e-4c07-a903-62a0809738ff,mpawelecdv,vz<\B65I`,perfil-deportivo/deportista/salud
501,ce3d8c04-7e68-49b9-90a8-7df6fac83025,witzcovichdw,xP1)Ar22m,facturacion/socio/logistica
502,8626c3dc-63e3-4474-a629-7ad30dbe9262,bfarhertydx,cn+A5j!/9*,perfil-deportivo/deportista/salud
503,651b4c7a-fa7b-4df3-92dd-e00c1cbca79a,sgregoracedy,mMI5Tq0)'xs<w&c~,entrenamiento/deportista/estado-fisico
504,bba60194-c5c8-4003-9303-5a50877e50e4,trealphdz,ioE)=.=+P~,perfil-demografico/deportista/pais
505,2da09274-8746-4531-b02e-9da0ab1d573c,ephillpote0,c5LQaY%U(A@,entrenamiento/deportista/estado-fisico
506,82781a3e-6d88-4e6c-957e-248707279143,spelzere1,sWaTO7m=~+=,facturacion/socio/logistica
507,b868ef3b-8492-47c1-ac9d-0de74a374c2f,msorleye2,xKUpK+$k>Uj8R23,perfil-demografico/deportista/pais
508,41f89d27-6a97-4ca7-98ab-5afc13e1e009,llosekee3,xL_pR}c_DX,perfil-deportivo/deportista/salud
509,68abeee0-f9af-4677-8841-06ff2534c931,slonghurste4,"tF<Bc&iPanfN,T}",entrenamiento/deportista/estado-fisico
510,3d6373e1-eb37-4f1b-95b2-c99f663e0db6,jmcgeouche5,xypO4VsXEn>x,perfil-deportivo/deportista/salud
511,f9a7e5f4-f36e-4379-8039-0cda991513c2,kdunbavine6,"r6,AiLit4*",perfil-demografico/deportista/pais
512,a2706a60-f44c-4a93-995c-fe3415ca46dd,bwaymane7,fV3k{gKiG,perfil-demografico/deportista/pais
513,829523bf-f287-494b-a8be-07d878506869,sjackse8,uWxewOg3,perfil-deportivo/deportista/salud
514,af10aefd-9e80-469f-9584-10509c3f1962,iduinbletone9,lbqskf#{Cq4,perfil-deportivo/deportista/salud
515,812312d1-5f82-41fc-b086-0851844ea1a7,jizachikea,v)uAs7dT>,entrenamiento/deportista/estado-fisico
516,8b5f5973-f09a-4de3-8b0c-4fc5652eb228,mfortineb,c6)KRd|ds9g,entrenamiento/deportista/estado-fisico
517,bf4864f4-c516-4f29-b377-d9d544f555fd,gmadocjonesec,n+'czEvH(*utTb',perfil-deportivo/deportista/salud
518,b8a9e200-877b-4e08-894d-6aa36eabf414,cferruccied,qqb%'&w(4K,perfil-demografico/deportista/pais
519,b40949e5-bf59-4f33-8b79-a89bc2152229,abearnee,wdUpT|>F~vC,facturacion/socio/logistica
520,c619efeb-6403-427f-93fa-e31882cd4f3d,lredishef,aV@%IWzh@h_,perfil-deportivo/deportista/salud
521,2c485087-2ed0-417e-b374-f03958bbe298,dibaneg,mT!ETnf.%\,perfil-demografico/deportista/pais
522,4673645e-89f9-4c2c-a326-d996866b6ab1,hkillickeh,dIPEF|uR6bJ/lxW,perfil-demografico/deportista/pais
523,b0f7b895-0d5d-4c21-8776-e186e717a608,eboumphreyei,kYhO4WEcru5ehl>R,entrenamiento/deportista/estado-fisico
524,b859ec6d-9c46-4e66-be2c-520f26ccd82a,ghaestierej,rI1)Pw?Asa.q,perfil-demografico/deportista/pais
525,65ae5e90-d0d2-4a45-b56c-859a131307a5,rfindersek,vN2WE5fN1,perfil-demografico/deportista/pais
526,16f5eeaf-3aa1-49bd-8338-6e08141860da,mmcquillanel,j$~~/Qa.xq.~~_@,entrenamiento/deportista/estado-fisico
527,3907df53-79cb-4c70-89ab-0468a50a0082,icrameem,t{jbFODW2(K+,perfil-demografico/deportista/pais
528,02ed0253-a7d1-4b4d-b3ec-629c38436aff,rwaltersen,m$Bq8/A<aBT,facturacion/socio/logistica
529,99c39a88-91f3-477f-8fe5-b8d2e1bc4614,bbarrseo,iuFK%e=LLm<Q,perfil-deportivo/deportista/salud
530,c03a2d5c-ac96-4ae7-a371-502bae304ae4,hladloeep,"z,{pK`Dx",perfil-deportivo/deportista/salud
531,da17025a-4b7f-4e02-8f53-f99ad5d99bb6,motterwelleq,c/$|vSFW={,entrenamiento/deportista/estado-fisico
532,6dc05095-b386-4dd3-9779-f010122a12c3,bmaskiller,tG0ffh20,perfil-deportivo/deportista/salud
533,1bb9c9aa-53a0-48ca-9d06-831d182fa42d,asandses,gnrQoDY*.,perfil-demografico/deportista/pais
534,61a0d60f-2a71-47a4-bd26-a68a925d12c5,lkeithet,t=Le)?~9xzmFsZ3~,perfil-deportivo/deportista/salud
535,09782352-1eb7-400f-9005-d9523c9d2830,tscogineu,pd|eNPiM~,entrenamiento/deportista/estado-fisico
536,b7fc23ef-82df-4ca2-a9c8-6d472d392245,louldcottev,oYTRiDUy3/\<!h`,perfil-deportivo/deportista/salud
537,9ea96370-882f-4c2c-99fe-93748f9c6dce,dosullivanew,kiPJM$%Zkt6W2W5d,entrenamiento/deportista/estado-fisico
538,969be05c-117f-49aa-9e24-a41888f0e0ce,kbanfillex,wsO)R)hsxa,facturacion/socio/logistica
539,463caa73-999d-43ea-969c-489404600d5e,ffoldesey,cv(0(>/hP'=.w,perfil-deportivo/deportista/salud
540,94be4d23-3447-4b0f-974d-0cd582a68c59,rmignotez,e6$#DQ}Uz6/DlFC,facturacion/socio/logistica
541,cdccf4ce-4065-4a6c-b4b2-217deca53c39,dzohrerf0,wzpn${6J%jfSI3lQ,facturacion/socio/logistica
542,931506cf-397b-46a7-94ff-c5956028ab72,rwinsomef1,oj?NiDskwSY,entrenamiento/deportista/estado-fisico
543,52b876ff-71e7-47f8-8bd9-42fa6edac072,drobezf2,dA/$?m&5,perfil-deportivo/deportista/salud
544,e0a5d74f-7494-4baa-be2d-7c3486d1f216,asonef3,kdTFnsBg,facturacion/socio/logistica
545,a0cca49e-1d50-4b5f-942b-f5cf65edbbe5,bdibaudif4,nc}yIfSnPoy,perfil-deportivo/deportista/salud
546,29499c40-7810-4597-a8cc-da75a4c773c4,rsaulterf5,lb`I3d29,perfil-deportivo/deportista/salud
547,da17cc04-9cb2-4996-a596-ad83d33c1aff,scheckettsf6,mQ_(#1g=,entrenamiento/deportista/estado-fisico
548,62652300-4eef-4c3a-a930-f148f675bf0c,cknappenf7,k1flSMgMep2BL,perfil-deportivo/deportista/salud
549,1f03136b-c11b-40db-8a6f-7d4204412f49,ehaycockf8,nf<)k6a./,perfil-deportivo/deportista/salud
550,8399fce6-a76a-4cd4-b827-cbbfb8f92909,mbothenf9,bg756MAmNngTi,facturacion/socio/logistica
551,172d71d4-e73f-4c57-951e-391da2dd1be0,jgoodburfa,"v""bJXHwk&",perfil-demografico/deportista/pais
552,d7f74d56-71b7-4a7f-828e-8be594ec2ac1,dcuphusfb,fmJlODMo_8%y_j,perfil-deportivo/deportista/salud
553,492cff7a-49de-4f1e-aa24-5f6831eeeb26,dboswardfc,nJgVsIrFaLM,perfil-deportivo/deportista/salud
554,e23fda49-f91f-4e79-9e45-c707e726bce9,bscousefd,t/'sCt+d,facturacion/socio/logistica
555,9dd6613b-dfe0-4acd-be35-4a65c362cf3e,osandwithfe,"h{o'M""MF",perfil-deportivo/deportista/salud
556,ad84b1f0-c50a-4124-9fc3-a6d72a72085a,itimbyff,x.HyVA#DyKZ,perfil-demografico/deportista/pais
557,f347e45a-0ae0-4b0d-abed-e3070d2bde6e,dcamellifg,c=NF.{U#o'~,perfil-deportivo/deportista/salud
558,744bbec3-ed2d-485c-88ef-a9b7ed4c997f,bcowxfh,q4HoUOkdIPr1K,facturacion/socio/logistica
559,7173119e-16cb-4e99-908c-555312089977,hharronfi,sM6721Q8A\9U,perfil-deportivo/deportista/salud
560,4341cad1-ad01-4729-8d94-3ba44cea66bf,theiferfj,iW\3*YoW8KL6/~,perfil-deportivo/deportista/salud
561,b8e5bbd9-b75d-4924-870e-5f8095d8a3b1,fbartholomewfk,h|D*EQTj'x5*,perfil-demografico/deportista/pais
562,f598ad25-7a9d-48be-86c7-df31399184b7,dlithgowfl,zl(+O@I8H\|Q=,perfil-deportivo/deportista/salud
563,5c9dfcc5-b27e-437b-a559-77626ebbca84,ecardenosofm,bqb=UeG2ow}|2*,facturacion/socio/logistica
564,9699d614-d226-49bc-9feb-a79435e8cd6c,agennyfn,"gPVD&Q!ms,&Bx8JC",facturacion/socio/logistica
565,80622380-ba28-42a9-b226-848e8232681d,bbrewerfo,"wA>Y>dB""BtI",perfil-deportivo/deportista/salud
566,76b4ae7e-4129-4fcd-a85b-f084f2e5f82f,tbrislanfp,b\y>I<2pHk@,facturacion/socio/logistica
567,6fa8a896-e05a-442d-9d3c-278aae488965,dblackeslandfq,qvq1'MJk4DBCC,perfil-deportivo/deportista/salud
568,91f8b80d-ea63-457a-b443-e1f333629224,ekeetleyfr,c9LEMVqp5|'@OJ&M,perfil-deportivo/deportista/salud
569,21827e0b-8732-4edc-b0ec-9d34878679b9,sellicockfs,ad@T9h\8fLuL,perfil-demografico/deportista/pais
570,f9a7af08-b9e8-4fd7-9129-253b0676f5fa,rfillinghamft,x|Cg~M'do$*R{y7,facturacion/socio/logistica
571,bdc91e4e-1053-4368-bb0a-db02737bb4b7,ccowlingfu,d//oO9sT(o+,entrenamiento/deportista/estado-fisico
572,ef0e2d2a-1356-46b7-85c1-c1d98e85e6d7,bmethamfv,a6C<bINKq8U,entrenamiento/deportista/estado-fisico
573,9d9e9d52-8127-4360-9c23-908c732f432d,jwakerleyfw,n`V(H~}Fw4cyOKc,perfil-deportivo/deportista/salud
574,2be113ad-5fca-42c3-9b2d-fa41f55ca90a,fwedlockfx,n!Z%CVaH|%+%,entrenamiento/deportista/estado-fisico
575,1206111f-1b3e-43d2-b324-53868b8aebcf,pjoslingfy,"j,R=2Ed\6",perfil-deportivo/deportista/salud
576,2612ed57-036b-4ce0-b8ef-624786440d63,cvowellsfz,eABAapXZeNGsq},perfil-deportivo/deportista/salud
577,12e9a605-b616-42b7-98e2-019b15695436,sraug0,"gpT\rg"",&g}P?x",perfil-deportivo/deportista/salud
578,d37fec6e-9a18-4864-aa05-0cbd5708ac52,ijozefiakg1,"m%F.+5T>MZ,08QAR",perfil-deportivo/deportista/salud
579,8ad6b771-314c-45b8-aca0-6e93f2041273,gbelzg2,kYe%*`b?u,perfil-deportivo/deportista/salud
580,c70acc3a-62bd-45a1-94b9-3b1b49260687,krenshawg3,"s_Asb)Ec,",perfil-deportivo/deportista/salud
581,a2b9cf99-6847-4b47-a925-d4e655c53bfc,vmcbeang4,cvy|NlX%d8A)(B,facturacion/socio/logistica
582,00218c1f-869e-4097-a894-8ffd4cf36198,tcalenderg5,f))i}I+3~t~sS,perfil-deportivo/deportista/salud
583,a8e84f56-cd98-4a46-98eb-5e62926209fd,hdesquesnesg6,y1@Yl9HuDb`Dk,perfil-deportivo/deportista/salud
584,89cfddf5-b1e5-4299-a27e-a83320735f22,fbontineg7,"w""H57`)izT$",facturacion/socio/logistica
585,163bdff6-4586-4080-9207-76f91f5432b6,docannang8,soJe'z7+bpRInfpc,entrenamiento/deportista/estado-fisico
586,ee0d1c7e-18ee-45c2-a485-484035bcaa8d,dfriseg9,s2A0Oz`2R,perfil-deportivo/deportista/salud
587,c119b441-c370-45b5-ab49-536e04d14907,rvondrakga,i@\v9wCq@(a3c*C<,perfil-deportivo/deportista/salud
588,f2ea9461-5c5a-4d63-b447-0f02ab737323,rhallengb,x8nuKloqy,perfil-deportivo/deportista/salud
589,86aa4cb5-462d-4718-83fa-031b29774245,kbudcockgc,v~navJgX*4dtX,perfil-demografico/deportista/pais
590,ecd5cf07-c112-49b1-8a53-91ad751e6c8b,chullygd,lg2fP!r5Tqm%~,entrenamiento/deportista/estado-fisico
591,7b63454e-f25a-4b67-b819-c291b5d67fc2,gdockwrage,iB?y|Q@D@8ao%,perfil-deportivo/deportista/salud
592,96b5faa5-be57-4be9-8691-370528b45b55,tjudsongf,"zJXHzP4O""0",entrenamiento/deportista/estado-fisico
593,e4f749ce-0989-4920-a3ad-c454f31cb58c,flowegg,j\IG&HM`&#y#|N~@,perfil-deportivo/deportista/salud
594,4a1e5406-bb53-4eb6-9047-5d22c2551d61,efontgh,e?O%z$5iJZP,perfil-demografico/deportista/pais
595,a4c2327c-995c-4d95-ac20-91b09895ea82,growthornegi,w'llJX<+Eo,facturacion/socio/logistica
596,2d8b82eb-b5c1-4d73-ab9f-d8583bbb59ff,otuftsgj,e4fyRD5vQDN,facturacion/socio/logistica
597,ca1c0884-e8cc-4770-8ce0-0de5a669377a,ceburahgk,o<agbHhp1go,entrenamiento/deportista/estado-fisico
598,80a35080-da58-405f-8be7-1d760ecfd488,kpratleygl,f&TEs=w2!QDKr*,perfil-deportivo/deportista/salud
599,b8d951ae-7092-4ee4-9d02-888ad767f38d,gsottellgm,rXOtq~JXq,facturacion/socio/logistica
600,00349e29-d644-4588-b6f3-f6f093ea72e1,avettoregn,pdZHrjl9v)L,entrenamiento/deportista/estado-fisico
601,6ad36434-c64a-495f-9f1b-9876241e1110,agianuzzigo,hUsZkPTv,perfil-deportivo/deportista/salud
602,61c8d4bf-cccb-4e7c-9ff2-6b5427b09f93,dmeingp,eOeQZwy2y&3,perfil-deportivo/deportista/salud
603,5f8a6254-f093-4492-8a4f-79c9737a3d5c,ksethgq,v*z.3qtu2q7GLZd,perfil-deportivo/deportista/salud
604,05b205f1-f97d-4ef5-9725-b1e671a80744,fbenoixgr,egrQc5Kh'Eplg,perfil-demografico/deportista/pais
605,c0a1e144-5a8c-4c3c-8b9c-5a42a9b7b6b4,eloadsmangs,sz$#ekoY9z,perfil-demografico/deportista/pais
606,c16e19e6-84c5-4274-93f3-8e7589faac4d,ddishmongt,o$pRyhT.XBX+2/F,perfil-demografico/deportista/pais
607,3de73092-aa2a-4ad5-8982-29a9d5a1a987,droselgu,iysW3\1>+,entrenamiento/deportista/estado-fisico
608,89737671-e14d-4610-9e81-84d071c615f0,lreillygv,m)?D>xoXe`,perfil-demografico/deportista/pais
609,efe7a1ee-b254-41ad-a2af-c6dd967a4388,gcoolahangw,"ntj@R!1XI,",perfil-deportivo/deportista/salud
610,26d51203-6016-456a-9a6e-228ea92b7cb3,mpharrowgx,qsJc}WiIf\x,perfil-deportivo/deportista/salud
611,5e585049-e9ad-42d0-8257-6b6a19e6ebfb,cmcconnachiegy,c(X{ss(*YNFlm,entrenamiento/deportista/estado-fisico
612,341f6442-001b-42df-b533-852bfb59b585,aloughtongz,geF\%5AXvbB~N,facturacion/socio/logistica
613,7a82061c-fdaf-430b-9ab9-a073fdf04ccc,cdanielssonh0,zLi*9x38R),perfil-demografico/deportista/pais
614,d9a9f743-d126-4c3d-9d43-443c312ac2a8,lamsbergerh1,t_=UZce)0'#<*'6,perfil-deportivo/deportista/salud
615,7b50631d-3c69-4a30-a776-c7f3c2829dbe,nnurdenh2,iP1my=VAH`4h?P,perfil-deportivo/deportista/salud
616,b7456eee-17fb-4057-88cc-99b74e0ab2a9,gaggeh3,uhSbVfIX|UlX(d5,perfil-demografico/deportista/pais
617,5b16fdba-295e-4e68-9ccb-7785defc8afe,ipetrashkovh4,"cVLS0,w2.O",entrenamiento/deportista/estado-fisico
618,760ed02f-fbc1-4f5f-83ab-89e5a817c578,btrevetth5,hS6B}Gn.OqO7,perfil-deportivo/deportista/salud
619,458e3a03-d4c1-4519-8e7b-ce5e34b909a3,mcropperh6,"lMJ6oU(?p,mF",entrenamiento/deportista/estado-fisico
620,59863e75-e851-43ff-afc6-0541f704d42a,arosserh7,p<W_4D2c><eMsZ$9,perfil-deportivo/deportista/salud
621,69a46051-1b59-4569-861d-82508b850082,ejellmanh8,a{_d2fw`Pd$#mblO,facturacion/socio/logistica
622,9953c986-0553-45b4-a65d-4d8aced425fb,mparish9,nHTxMp$%_o,perfil-deportivo/deportista/salud
623,a2f64d5a-617a-4129-8723-e39710b36f53,bcolkettha,"r?zv&D*yF""u5Bat5",perfil-deportivo/deportista/salud
624,eacc6faf-7236-4f10-8f07-7b2ed520b615,mrissenhb,s.+fEML0,facturacion/socio/logistica
625,fa09a4fd-27b8-4426-ae0d-5e3b48875d4a,dmaclesehc,gSqMU9|{w,perfil-demografico/deportista/pais
626,5dd3326e-7d7b-4760-931d-7d508bd505b8,emcfarlandhd,lA7Z|q'0pn{w\l,perfil-deportivo/deportista/salud
627,5c573ad7-178b-4b89-975a-5d7cc1805eab,mfoothe,opOzW'2}k%V,perfil-demografico/deportista/pais
628,7821174e-0327-4010-9722-f5346f0fb354,owadelinhf,s<(<j(cjI+?,perfil-deportivo/deportista/salud
629,458de906-2ab6-488b-b569-25c0fd56d772,dwestberghg,d&RNt/Y?$)?Cmu@,perfil-deportivo/deportista/salud
630,20710c89-2762-4012-a7e8-ef5030d80ac6,glefriechh,km}0kw8#8'+,perfil-demografico/deportista/pais
631,caac1b4a-8561-467f-a72b-e4a9646e060e,agolbyhi,icpn`.LAJ,facturacion/socio/logistica
632,e848f56a-fc2f-41c9-9fe4-b105f6618d36,mlambertohj,d@O5.vL`dZ/,facturacion/socio/logistica
633,68ace2aa-3e97-4af9-93e6-860789727e36,sweinberghk,"otNLbpaf?0,+u|",perfil-demografico/deportista/pais
634,a30d45db-e6a0-41b2-92d6-5dad020fd2b6,hjelkshl,jOUZ4(J',entrenamiento/deportista/estado-fisico
635,e47b5fc7-e2dc-4d76-bad7-2f8b39a18fcd,aquipphm,"aMKY!i(LdaM""wFV",facturacion/socio/logistica
636,8b61c83a-59b7-4d6d-ae5b-1a96e2a6670d,snevitthn,vk$h&Y$<,facturacion/socio/logistica
637,74fbfc35-a088-43eb-af3e-c03f3fb7434f,sgregoriouho,gNw9EPx/=#vaFj|,perfil-demografico/deportista/pais
638,d633e760-6c02-48b6-be06-da9263c6e764,mhallowayhp,k`/mz0KT/,perfil-deportivo/deportista/salud
639,1e01cde9-5456-4bb9-aaef-b333af7a4c0c,ahilliamhq,q2F7_*rnz%UKx|,perfil-demografico/deportista/pais
640,bfec79be-fb28-4038-984a-545b3b05f339,ccollinsonhr,"xS.r62lU"".$z$Q",perfil-demografico/deportista/pais
641,29ca6df9-effa-4ab4-b0ce-91789b82e960,pmussaredhs,"x&dMC,qS",perfil-demografico/deportista/pais
642,213aca71-59bc-4109-ba97-d2204f27151a,kzylbermannht,gY9mdU1}{{mKw,entrenamiento/deportista/estado-fisico
643,32adbf97-2276-44d4-9df5-7a7d03377188,bfishbiehu,k{OA8?lG!%F_*,entrenamiento/deportista/estado-fisico
644,f2e5616f-1233-4a36-938c-843f75374388,bgladtbachhv,g_<>aBvd,perfil-demografico/deportista/pais
645,319a28fe-c3fc-44d7-987c-74e66ec5fa12,dstansfieldhw,"gNxUz4!""x})'p",perfil-deportivo/deportista/salud
646,6c2b79f4-96f0-43c2-bf59-c717b52f7bc2,kknibbshx,f/eKzv}BQ,facturacion/socio/logistica
647,58a899ef-a61f-44e5-8846-9079a66f1357,kpiddletownhy,xM}@Fe0%Y8DY,perfil-deportivo/deportista/salud
648,c97d6d5b-6002-4f19-b2ca-70084d03ead3,gpaoluccihz,"t.$m#Z""(M_tz1""@",perfil-demografico/deportista/pais
649,86c93f90-8f01-48e6-a92e-528263a11521,aruscoei0,xcF<'@rZ\|Y|FB1,perfil-deportivo/deportista/salud
650,70b24af7-251d-44dd-a2e2-25b483434e18,bpasseyi1,kTwk6%t%d%u`iR=,perfil-deportivo/deportista/salud
651,efb7d16e-d601-4689-a05b-58f689adf6a9,dhumbeyi2,jeYj%%30xCv__+Jz,perfil-demografico/deportista/pais
652,c4397d3c-e13e-412e-bf8b-fe33818a031b,bbrounckeri3,tQV?Z5\E,perfil-demografico/deportista/pais
653,07049859-90c9-42de-a89e-bbccd1f1ce25,elavalliei4,uh'+/Uv.W,perfil-deportivo/deportista/salud
654,009b4ddf-0d5d-46c3-b136-9a289b302119,nivanikovi5,"n`gyiF""V=7IKx$Zq",perfil-demografico/deportista/pais
655,fa6967e1-9709-4a06-91a0-359f24d3bdc3,gkornyakovi6,"pM!?ZqycO""!",perfil-deportivo/deportista/salud
656,1759f5b4-70cb-4a24-b142-dcbc063d31b9,battwoodi7,en.}IBv)s=27y,entrenamiento/deportista/estado-fisico
657,4a2d65a2-3de0-4459-92a8-88ef674aba9a,crabbeti8,uVW\NH87?p&5<9gk,perfil-deportivo/deportista/salud
658,f6aac72f-ecc0-4972-92d9-9302ad2f92e6,mrignalli9,pBw'H`sZq8j.V=,perfil-deportivo/deportista/salud
659,38385283-2220-4abd-991c-2957e8b07a16,bjoveyia,rpjRMZNv),perfil-demografico/deportista/pais
660,d5e89119-9c6e-4dfa-9e1d-f86a9b1ccb90,lbielfeldib,ox6qqVhc1Q$wH1,entrenamiento/deportista/estado-fisico
661,0fa0d44b-0c02-4061-80df-4b299ad30000,gsyrieic,u<Q1/+K2'Hw,perfil-deportivo/deportista/salud
662,3e1d44fd-0929-40bb-8f18-02d2113466fb,sgrunnillid,n'5fk1X.uhEH,facturacion/socio/logistica
663,35786e8f-25c6-49d8-ab64-3559cbc0e100,jwigsellie,z.rYDbfqu1#s}A,facturacion/socio/logistica
664,ded7000c-92e0-42d7-b01a-a2b0029f694f,umillwaterif,"tQo5%GCXh""p)/",facturacion/socio/logistica
665,57bc45f0-a94c-4646-979d-d827c025809d,mantonsenig,epa@?7|vB,perfil-demografico/deportista/pais
666,c1f6dee4-d52a-43fb-a534-3244dfff0e26,hharrhyih,"s{gd8}'Pco,!.",perfil-deportivo/deportista/salud
667,dd15d3a5-5d9e-4c83-bc80-b51ce068357b,jconradieii,n+dd)ax{\V+a,entrenamiento/deportista/estado-fisico
668,ec7717d5-176f-4d50-9bd1-dceeca192e10,cspinneyij,r51Ah#U{z<Z,perfil-demografico/deportista/pais
669,d5506db5-0db4-4750-b804-743d71940db5,dbundyik,"s1,Bu<G/rL?z#$(",facturacion/socio/logistica
670,9838b448-e625-4636-9262-9af084bbaaf8,btrathenil,e+ZzssMrw,perfil-deportivo/deportista/salud
671,f2b5424c-7d1d-4462-a33a-22cdd85e90ad,mlawteyim,"y4G#@Gfw},Vdsk8m",perfil-demografico/deportista/pais
672,1986b6c1-661b-441d-a3eb-a87a5bdd4de7,mgrisbrookin,cs'Pb|V8T4$PSgU,perfil-deportivo/deportista/salud
673,78186f6e-5ce1-426a-8ccf-86faa4e1ca0f,pkellartio,hg%}4r|sWy,perfil-deportivo/deportista/salud
674,7520a8f8-5ee7-446b-90c5-c1b426c77422,tkopischip,eoVz4#9`Hv#,perfil-deportivo/deportista/salud
675,6b8e1a7d-3438-4bf9-bc6a-b434c27cda1e,sfildeiq,jD|DAaf|xV@U{y{M,facturacion/socio/logistica
676,8f78d857-4a6a-44fb-9fe3-a9722be19e24,bdonovanir,aMx6!WATpO{bpz``,perfil-demografico/deportista/pais
677,02315ee5-d9bc-4510-bb37-bec8149c3219,ifynesis,ik1JtXL`9,entrenamiento/deportista/estado-fisico
678,0b85a903-b1e1-4e8f-a07b-aac9413c938e,byeardsleyit,dK&ZyQqA>@f,perfil-demografico/deportista/pais
679,b30896d9-c91d-4de1-98ad-2e74f80d6854,sbaildoniu,o'5@tojL,facturacion/socio/logistica
680,628b9e4b-eec0-452a-b0d6-89249453a42c,cdoncasteriv,dh}w5+VEOk8_wd~g,entrenamiento/deportista/estado-fisico
681,7203ad73-093b-483a-ac54-8d4ab36712c2,dsharmaiw,n\J\PRwTf.u82iB,perfil-deportivo/deportista/salud
682,3d01fdad-eb99-46a9-a96b-4a9edc03cf3b,bortsix,do|>H/e`=,perfil-demografico/deportista/pais
683,65cf7539-7cdd-4f51-80ae-9d0f3e45142c,aescreetiy,x3bz)/dN~k3dn,perfil-demografico/deportista/pais
684,25a41607-de77-41ba-9ed0-074890d9c75f,ggosziz,"kbE""P4vwY",facturacion/socio/logistica
685,63f77da2-6a52-4a84-bd97-eaf30fb40289,hesbergerj0,o'*D`jEF$4,entrenamiento/deportista/estado-fisico
686,3a58a28c-61c6-4129-9332-6c036739f489,ogiacovazzoj1,"nB/uZ3y7tG,Z74AR",perfil-deportivo/deportista/salud
687,146e9edd-67ea-48d0-8402-9e8840ea4aa1,ndaelmanj2,m}QFB}T+,perfil-deportivo/deportista/salud
688,39e83cd8-a134-4254-97fc-bb6700876380,whierroj3,b35q{mS.0gB??2UB,perfil-deportivo/deportista/salud
689,4ba0ad35-36fe-44ef-b39f-d94a56d054a8,aneilj4,smQ<AG5DbJJ,perfil-demografico/deportista/pais
690,0a4fe11c-6917-4cfa-aec7-60b21120413a,kfeatherbiej5,"o<)BB,D3XH",entrenamiento/deportista/estado-fisico
691,7564d358-86bb-487e-90d2-eec311755052,cmcguckenj6,lKg~DO`~\aHrh,facturacion/socio/logistica
692,4181e6d0-3d6d-41b8-bf73-8ac8650b85ce,gamesj7,rhbBlnQEXDg,facturacion/socio/logistica
693,99dad6ae-76a1-43b1-a196-37919ff15bdd,lulyetj8,"q%PgR}YE5S""$nfn",perfil-deportivo/deportista/salud
694,893d06be-89e7-4a3c-bee5-52afa64ca897,dcareswellj9,nx|'Xsd|,facturacion/socio/logistica
695,83d6bc4f-9ef1-4e7e-b8f0-14a5068d88a7,fleningja,"qN0=KV,g+nyvC&C#",entrenamiento/deportista/estado-fisico
696,6751f586-ab80-4a20-aa1d-53c1cdd7dcaa,lcorbouldjb,o{|B5T=Q4!Qvd8u/,perfil-demografico/deportista/pais
697,47d0989d-9ed0-4e82-bcd0-8776cff78969,blehuquetjc,aqBq2Za(q)G4yeK,perfil-demografico/deportista/pais
698,b5242381-618d-4800-9a86-cc9774b43af3,jshubothamjd,"djg4zC,4Q7pH",perfil-deportivo/deportista/salud
699,60d715ae-d183-4f2e-a257-67481cd2038d,rghelarduccije,x~78b=`53,entrenamiento/deportista/estado-fisico
700,f580f26f-dd74-4a5f-91d8-55f37fca6fba,ibarnevillejf,e_~I4X4`+>Kh3',perfil-demografico/deportista/pais
701,a53851c3-22a7-40ae-b7b0-71bf6c7fb45c,llidyardjg,rCp&b+.Qk,facturacion/socio/logistica
702,f1443b61-dcb9-4770-8db1-cc22ff432f8b,rdrakersjh,sjb/97B+*e3Y$,perfil-demografico/deportista/pais
703,36acd9d8-158c-46ba-bef5-b18599fba382,mfarrahji,m>$pb)&_m4,perfil-deportivo/deportista/salud
704,6cc371ae-d300-4aba-9ec1-cc354cdbd5f9,tsimoneschijj,iUYE3)iQ!r$>8Bi=,facturacion/socio/logistica
705,2d342014-7276-4be6-b258-3142485f6a18,rtyrerjk,h~*V~h2mD~#*Zv,perfil-demografico/deportista/pais
706,785f4cf5-0f97-4a64-8f78-538d66980b2e,bgommejl,"eP+jj5pmU,",perfil-deportivo/deportista/salud
707,4cfd9a7d-5713-4ce4-9087-2ef799e1f503,fcanadajm,bSrK9Z`Sl,perfil-demografico/deportista/pais
708,cf1cddd6-12f6-4717-a923-cafd9b01cbae,tkellingtonjn,wzBRx%?s.c,perfil-deportivo/deportista/salud
709,893166c9-a476-48af-ae4d-ea6ca8ca5d8c,welsworthjo,h'@7hz230cZIeW,perfil-deportivo/deportista/salud
710,deaf92ac-2489-4c5c-920b-758910b1202b,gsmetounjp,jFHkg+kaX7`Me,facturacion/socio/logistica
711,06ec7882-de69-4af0-a033-2a42443a75e0,hkomorowskijq,"uGI,UGGl%H!N.q",perfil-deportivo/deportista/salud
712,9305f3af-21ab-4ce0-adcb-4a38c4f33b60,dgatcliffjr,x&Qfua4hP$L9NVj,perfil-demografico/deportista/pais
713,4095e3a1-9d41-43e3-b08c-e6f870f7889f,kbiggadykejs,"p}c*a/!,>%",perfil-deportivo/deportista/salud
714,8f9d62fb-54fa-4ded-96f9-3af9e8c93b61,mmogeyjt,hH0nqQF`x,perfil-deportivo/deportista/salud
715,2f44664f-9788-44a9-bf8e-cc66655b3c36,dmalsterju,rS3)9#}o,perfil-demografico/deportista/pais
716,40e242e2-c57f-4a08-a11f-08119bb66ca7,hfreckeltonjv,f=!<>cl%qO,facturacion/socio/logistica
717,3680d3b5-e423-44bf-ada9-910bf39d2ccf,athorndalejw,pH_<<Rm?,facturacion/socio/logistica
718,bc544d50-33d4-4aa8-987d-eb830fca3cfd,aoverlandjx,"i9K($,3=",perfil-demografico/deportista/pais
719,66102064-0bc2-41a1-90f8-7108ad5f072e,sdreelanjy,"dV)e|""~x8SGQ8KO",perfil-deportivo/deportista/salud
720,4057a403-3b7d-48e3-957a-d397eb8ed44f,ghoyerjz,tnzyx\@~$olQ,entrenamiento/deportista/estado-fisico
721,b75b11f8-c425-4c0c-84d8-31ada0d5d1f7,chaffordk0,"jnjkLJ#""?i'0",perfil-deportivo/deportista/salud
722,9dca6667-0510-4976-bb68-ce5d07e0e809,iscimonellik1,w8Mfc$S0,facturacion/socio/logistica
723,c9e446c3-331a-4465-b4ff-2c8c0e285228,acluesk2,p~OB'2H*,facturacion/socio/logistica
724,726f9e0f-f6df-4729-a9da-9fe45c2b1a2c,bbuckeridgek3,"md(5,jBYMK",entrenamiento/deportista/estado-fisico
725,8d12fdf7-2610-4265-8e14-b3f91b599c06,klamersk4,e%`4h|B*!3ve,perfil-deportivo/deportista/salud
726,abdc6722-16df-498c-9b17-c9b2d669a393,acorderok5,j1ddz`Sv)*RM,perfil-deportivo/deportista/salud
727,d75e8103-0648-4209-b2db-41fda834ce62,wbarrettk6,"o!~5Z&\Jp?m""JO",entrenamiento/deportista/estado-fisico
728,ff28aa51-97ca-465c-91a8-433a0f95a9e6,qgrzeszczakk7,"uqgQk"">iM=.O_A",entrenamiento/deportista/estado-fisico
729,49f71f4c-dcb9-485a-9fce-fe84cc2a2a63,smatusk8,"ioA9mR""!J",facturacion/socio/logistica
730,4e129b51-ad58-4213-ae85-8d669f7e09c4,nnanglek9,"aoX)#(bgX""N5jkkj",perfil-deportivo/deportista/salud
731,f4f95fd0-3ccf-4416-b299-a0bd52e512fc,jbowickka,dba\BG63mT_(pIvz,facturacion/socio/logistica
732,63c4d7db-9755-4f05-ad4b-a5de9ffa6533,epoatkb,n|kzrE)t5fu+v,perfil-deportivo/deportista/salud
733,88780f9d-91b1-4307-83d4-21fafa38d6a2,nkissellkc,kQhf{MoiUDAly,perfil-deportivo/deportista/salud
734,67881cb2-72bb-477c-b1c7-c6961bb94cec,awindresskd,uk*_\POv>.%%FtZ,entrenamiento/deportista/estado-fisico
735,3946aeae-53f0-4492-934f-022ea6479d80,ohampshawke,"z75,y9ST1JH%",perfil-deportivo/deportista/salud
736,608f7018-2705-459b-94ac-8c1062302ddc,gvasyukhinkf,j(O+}KIkR0,perfil-deportivo/deportista/salud
737,7e461b11-b626-4896-8fd6-740b8e63266e,jpullmankg,w\GQ<`xvai,perfil-deportivo/deportista/salud
738,0babd23c-0e59-4abb-972d-aea45ce479bc,scracoekh,zE2wyvpv~,entrenamiento/deportista/estado-fisico
739,7dc3bb62-07da-4744-b3a7-39c5db4deaba,todoireidhki,zVQYnYS}j,perfil-demografico/deportista/pais
740,591763c1-b803-4565-bad0-167431d2ca0d,lhamiltonkj,lwhr+e$u,perfil-deportivo/deportista/salud
741,1106629e-554d-4998-a7e7-a7680e7167ad,malmeidakk,m>_}z!GT,perfil-demografico/deportista/pais
742,ff551d9e-085a-4685-a832-58fc87b9acc3,abrewertonkl,"sCdqU""AoF",entrenamiento/deportista/estado-fisico
743,a8ab8929-13e5-498e-b796-ec7b7856d73b,soliffkm,dU2GjM7xY*vG,perfil-deportivo/deportista/salud
744,7ecb185d-9f25-42dc-ab5d-bececdd68d13,mbeggkn,v|IKTWZ\S,perfil-deportivo/deportista/salud
745,a089cd73-9943-47cd-bc37-5f9aab89a791,fciepluchko,i3}IJ}w5NNFwt2,entrenamiento/deportista/estado-fisico
746,bfd1fb07-7db4-4406-94ac-8f808dd5dd45,gcreanekp,lJjjl_9Rs@IyAq,perfil-demografico/deportista/pais
747,3b10500d-72c4-4562-ac2a-557c5a168d2a,bbarbosakq,o2GPH7|O+)aMtJ(|,perfil-deportivo/deportista/salud
748,cf5873ed-fd01-44e0-9c42-3d606216a0dd,dregikr,"q2.>cl7""j&!",perfil-deportivo/deportista/salud
749,bad46b7b-ce3d-4d13-ae60-9226c2a641a7,amortelks,z*QYwBQXx,facturacion/socio/logistica
750,178b9dc1-588c-4473-97c1-767faf6453ce,cdarwentkt,cyV>@KqRkb1,facturacion/socio/logistica
751,ccd62bf3-3768-4869-94b1-154dca675828,uangraveku,oHic=K(od,perfil-demografico/deportista/pais
752,22ddaa8f-7fc1-4558-a224-f46ba7f11fec,rwongkv,f{v}.Re/vI,entrenamiento/deportista/estado-fisico
753,2ec6f745-1943-47c6-8337-0d9309d63a18,qnegrikw,"f(ayMv}<V,P!H",perfil-deportivo/deportista/salud
754,c20ffaf5-13ab-4f2f-bd99-8c768c3d0d61,psteerskx,eey}UMs6ZcFSL,entrenamiento/deportista/estado-fisico
755,89d2c61c-9b72-4c28-9e7b-839c0bb754e4,isandsky,eF3}S+9wgEr@,perfil-demografico/deportista/pais
756,a6bb2c34-d653-466f-90b0-77746e39a1b6,acoldbathkz,woXY#QeK/,entrenamiento/deportista/estado-fisico
757,38b5d26d-77de-4e00-b91c-5c7af07c0dca,gfruchterl0,"fdMB%,gyu",perfil-demografico/deportista/pais
758,dae17f84-48c3-4aee-ab8f-ebb4de717e41,sbeaganl1,wQOKZcE}<xk,perfil-demografico/deportista/pais
759,1370876b-a4db-4f4e-9c09-8abbd48d8b3b,jnewbeginl2,td8CllQ+,entrenamiento/deportista/estado-fisico
760,041cb964-034c-4b4d-8a14-418aa4299d43,lstubbingtonl3,w}<8%!@gYx,perfil-demografico/deportista/pais
761,ebf1e1d5-06ff-447a-a685-97b848f322db,mduckitl4,fDA=F(uc),facturacion/socio/logistica
762,02f6dc86-68f2-45ae-8599-e49dba71ef0c,mblackaterl5,eCn8$nC#/Cjbx6,facturacion/socio/logistica
763,5ba9d55d-9e55-4c68-ae2e-e79aac8dc838,wbabingtonl6,u$q9j~r\v3Zm'E,perfil-deportivo/deportista/salud
764,8e4b55cf-0e10-4041-bff2-917ccd1b76d6,ntumilityl7,aiNQ6P*&Rs1,perfil-deportivo/deportista/salud
765,37130b88-ff8c-4311-ab1b-e78d0d39dfbd,myakovll8,"kldzS>SM""lNF~&/v",perfil-demografico/deportista/pais
766,fb98503a-99aa-4ce0-86ea-835e8e8d5e1f,atessymanl9,a5A?|xazi>+8,perfil-deportivo/deportista/salud
767,3f41c323-1ab2-4b5a-928c-7d9c83c50493,jfrenschla,dCt'T.p>,entrenamiento/deportista/estado-fisico
768,a4576088-601b-4466-948a-32648a86f2ed,tmcgeownlb,cA`OBhTVtK=%,facturacion/socio/logistica
769,b62c2af6-116d-46be-b17e-162b56dba7fa,fbardelc,b13rBBJR!Z$hj6mH,perfil-deportivo/deportista/salud
770,df3465d1-a554-4eb1-a649-5bc8e0986636,jkarmelld,q0rXYCU}5z(I,perfil-deportivo/deportista/salud
771,fea8d574-bf65-462c-a43d-1ff94b1cfb66,mshevellle,z{8c}Ez}Ay5FL,perfil-demografico/deportista/pais
772,0a78ef13-0341-4592-b41c-3ac50deee9fa,adounbarelf,uH*=))M#+A=.Wi}{,entrenamiento/deportista/estado-fisico
773,feef8f39-c1e3-4c88-8aa4-e63e8ebd75d5,agreenalflg,m>89u!qt,facturacion/socio/logistica
774,2d50fb0a-56a9-46fa-a2a5-e51aee952334,awengerlh,zpnc>\}i&CMHZI,perfil-demografico/deportista/pais
775,e8f8aab6-2ec0-4126-934b-6831b780bb19,fstickellsli,e7C}ASK'vowx2HTR,entrenamiento/deportista/estado-fisico
776,9ae0edcb-7ed3-4696-8c7f-97ffe1785b41,dkiezlerlj,"z=lP|z&,u",perfil-deportivo/deportista/salud
777,2b062dc7-7960-414e-b00d-9ea06e72ec4f,dmarunchaklk,gxgDtlj_=oAP,perfil-deportivo/deportista/salud
778,bf1d5077-1fb9-4b96-b104-cf92a3ef5d22,bprielll,m51Q%#YI,perfil-deportivo/deportista/salud
779,ab54e8bc-85cd-44fe-b68d-a443b8f9e922,cpetticanlm,z'XS4nZ#d,facturacion/socio/logistica
780,95eab1be-2994-45a9-b6b9-e4544cf82bc9,dskelingtonln,cpFUDyU0pE,perfil-demografico/deportista/pais
781,18fee403-16d0-45b8-bb6f-69e591c33c71,cogormleylo,"k""(`'Z""!NgWi{x4",perfil-deportivo/deportista/salud
782,290f401d-700c-48e5-ac96-ba6f35a24696,krhulelp,"loAMY>.e8""5s+iD",perfil-deportivo/deportista/salud
783,9bdb3b1b-80c8-4088-994e-b1e4654d88d0,lcrepellq,k&$.96mx$<c7o,entrenamiento/deportista/estado-fisico
784,901016f8-d6e0-4987-943c-62690dd20882,mflanaghanlr,cRbP/r`7Y9M,perfil-demografico/deportista/pais
785,ad5ea842-6d32-4cb8-90f1-74713046928c,pkasparls,"xKx4#3'w,0!V""Q('",facturacion/socio/logistica
786,852fb086-a870-4aa6-b925-93460241be57,ekauffmanlt,"b""EMZte7yLdfo=?",facturacion/socio/logistica
787,d3aa9a21-1568-4684-90a6-b86a2bb55b03,qgalbraethlu,"vBRRL*NOnGQ,,",entrenamiento/deportista/estado-fisico
788,6040ea86-2d5f-4f5a-9f8d-fc8c1aa2ab81,pvlahoslv,vg4+GlYw}t'>DE,facturacion/socio/logistica
789,732475fa-8560-4b81-b21b-1c1ee5458d0e,pfairpolw,d=g)utZs3`1Hcm,perfil-deportivo/deportista/salud
790,548142b7-685d-482b-9b99-737fd0b2d161,tokkerlx,wRV&`?X%vIZIY,perfil-demografico/deportista/pais
791,cd86911f-dbf0-41db-b5a6-ce51e5784605,gprozesckyly,rFeY!(G<,facturacion/socio/logistica
792,346ce7f9-4db4-4d8f-a151-85bd13186ee8,lthreshlz,bPm(pR(3+h{$*Tx7,entrenamiento/deportista/estado-fisico
793,6005286d-f701-4c5a-9906-9d6e73c27801,dcozzim0,yp)u&1+0I3X2u,perfil-deportivo/deportista/salud
794,5b5b866b-003d-4632-9f6b-faa0d9b77369,jflaym1,vi.p=LG!gofUJf',perfil-demografico/deportista/pais
795,02e204f6-6e95-4d25-a299-6f1c2324ca72,lfullardm2,"fL,%U),aEI3)",perfil-demografico/deportista/pais
796,2b288b50-5705-43b9-87cf-1c2d6c3da411,clarozem3,oU1/9?Qe`)M,perfil-deportivo/deportista/salud
797,4a90eb30-97c4-41cd-896c-3ea7c24f6301,vcoverlynm4,ufe>hfFz+1W+U,perfil-deportivo/deportista/salud
798,35e748f3-403d-42ff-b8d5-c4a5adb01f8e,mmcilvennam5,n{8VET)cdBr,perfil-deportivo/deportista/salud
799,30828f98-1b30-4fd5-aacb-4a5517ebfd95,tcoastm6,ve2>91fKKS,perfil-deportivo/deportista/salud
800,23fc7d29-f631-4b6f-b40e-c04e7cca05d2,achrishopm7,x3.1Jv$g<,perfil-deportivo/deportista/salud
801,c689c29f-982c-4173-a144-686f7ff352c6,bfranzkem8,c5&#UuwL|xd,facturacion/socio/logistica
802,5a5644fb-fd64-4dc4-9c24-0ac9ebb33f9b,tcarrivickm9,jA+V|1i?ASiC'p,entrenamiento/deportista/estado-fisico
803,0d26e523-f160-4ba0-a108-3be80385e35f,jfriesema,"k5,S2<ga}fD",entrenamiento/deportista/estado-fisico
804,bc5c8479-f721-41bd-beb5-93f23ca7418c,fbartaluccimb,"g_B`EO,K&Q3B",perfil-deportivo/deportista/salud
805,87a7e983-d17a-49ce-a0ba-68d3f1a01f8c,gdelguamc,m5nxE$qj#WEs@m7{,perfil-deportivo/deportista/salud
806,756611a3-cc97-4ecd-af1b-9335ede7d1c8,mmclellanmd,"c<""ecw%iq?ZH",perfil-demografico/deportista/pais
807,c0366b03-26e7-4701-8b05-550abfec38dd,ishovellme,t3?#=htf)J3#c1nL,perfil-deportivo/deportista/salud
808,8af83b6b-9e27-4e4e-ab01-5e7173387b21,kkernaghanmf,"kA""Cs2xio",perfil-deportivo/deportista/salud
809,1e9a673d-81fb-44eb-b0d1-c67e3a1ad67d,ktomashovmg,k$mkA+i8+(zWT|Tj,perfil-deportivo/deportista/salud
810,9940d2de-7fa0-4d5a-a6c9-7585b21a91af,tmantrupmh,ggbn#Luqm|,perfil-deportivo/deportista/salud
811,1895c8d6-b7d9-4065-abc0-72147eff49a3,djacobbemi,iow7Y_.T@c`3Bol,facturacion/socio/logistica
812,9156187c-cf32-4e37-ad9b-ce908273aa10,talenichicovmj,agd#6|zqY%w2,facturacion/socio/logistica
813,516150d1-930e-453d-a093-dded7eb39a3e,tjinkinmk,"s(J62~H,7`%H",perfil-demografico/deportista/pais
814,5722eeb5-c43b-4294-a280-97907b883925,cgawithml,gUYJY%koSd$2'p,entrenamiento/deportista/estado-fisico
815,d7b6adc0-4cdc-4665-a5ce-ae9ab042bcc7,agonzalezmm,ej|ilYMjVwVLzl,perfil-deportivo/deportista/salud
816,3af4f0d4-b87e-4396-8f62-0ca9c3a301b3,uslydemn,"l\2Trq1)""f",perfil-demografico/deportista/pais
817,70d18a58-67d4-4f2e-922d-bfa295f63f31,cteazemo,"roWU8SrcUD,Bg2",perfil-demografico/deportista/pais
818,bb71ca76-f997-4ffe-8549-4399526ed3cf,ibrocklebankmp,x0g7W5FxIS_,perfil-deportivo/deportista/salud
819,a9bc2e29-405b-4921-aade-f26ba1173661,mstansfieldmq,iwjX5Y\v=,facturacion/socio/logistica
820,73269e0b-ce6d-4c36-bf60-722056a960f1,jfippmr,zdYKCJ/ETSduV<,facturacion/socio/logistica
821,966a4c58-4409-447c-82d7-0c68be2bdfa2,jbendixenms,lq#S'NAXGAs,facturacion/socio/logistica
822,6f32b422-6679-450d-a7ca-8bf3f93ba3da,pgerhardtmt,wjdD>A6rrQeI#wy,entrenamiento/deportista/estado-fisico
823,f6f6ea41-ea81-4b90-80d0-bb9cb55e7f39,phaltonmu,u/MyVo|A,entrenamiento/deportista/estado-fisico
824,8b9a77bd-ffb9-4a9d-9be0-f0faee06f2fc,cyurchishinmv,l3q+nK7a,perfil-deportivo/deportista/salud
825,6a5053f9-74ab-4694-9898-010c3d7619a9,bdenismw,h6f~eBZkiU,entrenamiento/deportista/estado-fisico
826,f4dec1db-0066-4565-aec9-729c6f1fb165,ahartopmx,lgN4+hzbottHR<,entrenamiento/deportista/estado-fisico
827,1b8ca4be-49a9-4c0d-9141-48416adc644b,wfaccinimy,"lGOmK+uRf<,EA`3",perfil-demografico/deportista/pais
828,508dc9ce-a956-4320-9e67-fcbae4749703,ophilippoumz,o3z/e#@iUkMl,facturacion/socio/logistica
829,3ac3bba8-363e-4d2b-ab97-ed15c48f00e2,lgebhardn0,ej'?d#nSsk,entrenamiento/deportista/estado-fisico
830,2386a40a-69a2-4768-a7a2-b38dd33f24b8,ochurchyardn1,oK1`e)hKGAr4eURf,perfil-deportivo/deportista/salud
831,16e7fff6-f270-43c5-bf5e-1fac65553381,rlouthn2,uqPEO/Jz?\C$hCq,perfil-demografico/deportista/pais
832,2d5bb0cf-58eb-4df3-9271-7f65a2f90072,lstroyann3,aY*$t`di,perfil-deportivo/deportista/salud
833,5c9318b9-f8cb-4c58-84a9-699a25b7b3e3,jfauntn4,o20aP#ZdyKs,perfil-deportivo/deportista/salud
834,39941d9e-9655-438f-bc66-540bb6f0e989,omatheyn5,gXSyL5>H(,facturacion/socio/logistica
835,ae2b9abc-0b54-498a-ae2e-4ee2c74bad0c,spatersonn6,"mpim""I&g5T*",perfil-demografico/deportista/pais
836,1e5d6b86-dbd0-4982-9aea-f1d78bead428,rpouckn7,c*d_*Rge?vp$j$,perfil-demografico/deportista/pais
837,10437e87-3d5a-4002-b03e-fa00e05050ff,cputleyn8,"dk(_>8g,3.NW5im9",perfil-deportivo/deportista/salud
838,2bb026f2-3090-4093-8d22-d82a68be9150,drennoldsn9,"tx,TDv)B",entrenamiento/deportista/estado-fisico
839,5f460e27-7e5c-4768-a7e3-0564bc9934c1,ctweddellna,diH4i3e<,perfil-demografico/deportista/pais
840,d7d9c2ec-21b1-4f08-8490-e1bad95bd5ca,fdennettnb,bQ2sH~CgL,entrenamiento/deportista/estado-fisico
841,8b14a916-0d40-4e83-8506-e04f52ebe0df,egarnseync,l!'lIX|5,perfil-deportivo/deportista/salud
842,4e844257-4e88-4bef-8d24-25b95548b814,msparkwellnd,vU_Pq'~@aZEX%U$+,perfil-demografico/deportista/pais
843,aec88eb2-61ad-47d1-b9dd-f7b30ec5b261,dpuntne,lqriQW6rFlJ@Mg.,entrenamiento/deportista/estado-fisico
844,acb63b76-09b6-4bb2-acbe-d42be98c7177,dbewlaynf,zi(88v3zs,entrenamiento/deportista/estado-fisico
845,c543350f-f331-4707-a626-eb6fe844d31f,cbouleng,l>sbL!Z*3Sp,facturacion/socio/logistica
846,71cb02d3-bc29-471c-9ee0-f1b8ccbe025a,leastopenh,"n~`*}2y?""A",perfil-demografico/deportista/pais
847,3c2a0b73-fc23-48a7-bd17-dc2cc8701875,pgunningni,r8(ryhBj,facturacion/socio/logistica
848,9c9fc736-6543-4638-b2ec-8fc50a0f01c8,bhackettnj,sM>r9mJ9,perfil-deportivo/deportista/salud
849,01867346-a9f0-4a6b-b4e5-bfe3b88da600,kcrannagenk,iTqk&$77,perfil-deportivo/deportista/salud
850,5c01dd86-12b8-4fd8-b46a-6781b5013032,gbodleynl,dBbD5CFOc~2&=.v,perfil-deportivo/deportista/salud
851,0de7eb2c-2999-41a6-bd3e-5822cc1d60bc,htreneernm,"d""&9xCd/&o",perfil-deportivo/deportista/salud
852,794e4370-0717-4bbe-9b12-2b197c74bf05,schangnn,vLID=dAl,perfil-deportivo/deportista/salud
853,837d8438-780e-47b8-a728-e0ab488bc5cc,gmyrickno,rh+l~~?c,perfil-deportivo/deportista/salud
854,57689b4f-7163-4567-91e3-71cc3aa981de,hmarhamnp,"sH>{KdMH,",entrenamiento/deportista/estado-fisico
855,097df740-fdc7-4244-adcd-3b526abde676,wfiermannq,mK}o93!Yc66MWK>,entrenamiento/deportista/estado-fisico
856,4300c71f-1739-44ef-a5b0-035bfc0e6266,bbosdennr,"gq,x(Nb}d",perfil-deportivo/deportista/salud
857,25ee234b-4a77-49f9-b9c0-71fe0a08f1ef,lpielns,j<YVUyq7,entrenamiento/deportista/estado-fisico
858,5cf3d5a7-b39d-4b44-8039-9d2f7bf747dc,pormeshernt,io&D{+'cbzEmho,perfil-deportivo/deportista/salud
859,07ae566e-278c-4c13-8bf2-f9c8d9c707c1,elundbecknu,zy#v_<rJzH,facturacion/socio/logistica
860,a4944f98-e873-42dc-9631-2b9602ff3e70,bbindleynv,aB~W\bC$C8B>|P,entrenamiento/deportista/estado-fisico
861,532f8c5d-2609-4fce-bcf0-3c5f5e0ac8f2,lshynnnw,n+BfvVKVKJF,perfil-demografico/deportista/pais
862,273ceb64-70de-44a2-8ebf-d423f8a7337b,gtrenfieldnx,kM~Wi~9dV0EK,entrenamiento/deportista/estado-fisico
863,19d6539f-2475-4223-afb1-32b9bbaef83c,jvilesny,"e*w""WahR",perfil-deportivo/deportista/salud
864,89e473d0-f2b0-4720-8fe6-844f8c70acdd,pgatlinnz,liCVzWA{3R|mT)c,perfil-demografico/deportista/pais
865,140ee595-41df-40a1-a6dd-a9323b81233b,mdouglaso0,"hQ.t{.,e..R",facturacion/socio/logistica
866,504c7dea-2e59-4153-ba0b-71740a577edb,gkinkadeo1,"p&`Iuc?*kf,5aQ",perfil-deportivo/deportista/salud
867,bd393e26-84ba-4aaa-9dda-11d52c454afe,cburnelo2,fjl<JcPDwqyd,perfil-demografico/deportista/pais
868,bb8addd2-79d8-45cd-81ff-294d1bb3cfb7,sfawderyo3,e8sQ_dUdR5ahh_Ln,perfil-demografico/deportista/pais
869,55c7f874-0dd5-48f6-926a-4c60b267fab9,dblancoweo4,cGe3BF#a\+),perfil-demografico/deportista/pais
870,fff532b8-89cb-4689-94ab-ad21ee07807f,woniono5,e\}Ve8V3b|XWe},perfil-deportivo/deportista/salud
871,846c39ce-d3a1-4516-8208-57b56ca988a5,kainscougho6,oi8q_rF1jxCmdfc,facturacion/socio/logistica
872,07e1c246-9fcb-49b2-a764-57d9a8fd31fa,dfellibrando7,qJ0@k4kuYgaekI6c,facturacion/socio/logistica
873,474dfce8-3381-4f40-afc9-a1db345e4656,gmcginlyo8,"ed""*K!kn6j3d",facturacion/socio/logistica
874,ee9011d9-8562-4498-8895-f7211da6d597,fkeepingo9,"lL9=&p,EU",perfil-deportivo/deportista/salud
875,9904819b-8e6e-45d4-83a7-a66659c015d7,mhaxbyoa,us/rKy*S{_Ow{u4,perfil-demografico/deportista/pais
876,1bcce99a-87c1-4971-8d01-167150cc3455,clebondob,y&BGR8pp$~SgU{h,perfil-deportivo/deportista/salud
877,d2e0ddb7-8d3f-4e2c-b06f-b3a3fc4f94c0,pkikkeoc,"bC0}RB)e38c,mh",perfil-demografico/deportista/pais
878,729ae03c-a26e-4754-a1f3-5b2f4b4b1cca,vcasoneod,vBq9YI<w5rNMS,perfil-deportivo/deportista/salud
879,eed7351f-dc5f-41e0-ba82-8f2410c63c1a,ascollioe,v_ozj?5?WFeY`,facturacion/socio/logistica
880,5de68f26-6dda-4000-aca8-0a7c655e69fd,pvillaltaof,uP/Wvwa'<%p=cA,perfil-demografico/deportista/pais
881,f5bf16bb-1111-44ef-8c6e-a5847c502ac7,ljewisog,m7tVShrVMeJ{}h,entrenamiento/deportista/estado-fisico
882,16c2bb2d-a06e-4dc5-9b1e-ed7f7508135a,mravenscroftoh,c\A~~G\mn3CRH=/,perfil-demografico/deportista/pais
883,2139c429-6c1c-4eee-bc8d-7d3541371062,nseggesoi,hONgFcKG,perfil-deportivo/deportista/salud
884,20ef22ab-b84b-472d-920e-ad898b75dbd0,vwhitcomboj,"kiN""Dwy|tx>",entrenamiento/deportista/estado-fisico
885,243a545b-4953-4910-baa9-e06aa9658a6a,upumfrettok,a\@<B(UrDUu?m,perfil-deportivo/deportista/salud
886,87c35332-8d8f-45c9-b0c6-f829a1d81b51,vhitterol,cH)+.yly|7VLjdJ,perfil-demografico/deportista/pais
887,80d4f4b5-d02c-463f-a5e9-0cf43980b084,aellinom,el+{=K9?*xK2JJN2,facturacion/socio/logistica
888,581348a8-748f-4027-b2ff-1466a037d080,mhearndenon,u`|$=b7HK$arfBs,perfil-deportivo/deportista/salud
889,01bcea00-8e52-491a-b9d3-62a38ad08589,mbrinkworthoo,"v35w""P2*qB8)",perfil-demografico/deportista/pais
890,1518dcde-79c9-403d-9ff8-095c7e69176b,gmitroshinovop,"oD027""$(>%",perfil-deportivo/deportista/salud
891,47b7db05-3e92-4d37-bb2d-12a9dc6b3f9e,mdonalsonoq,q7BZL%e`z+jq9@,facturacion/socio/logistica
892,428d3afb-f93f-4856-8381-24d00ef9f3b8,pvaseninor,"dD4x8hInO2E(T""",perfil-deportivo/deportista/salud
893,d137701a-a5d9-47fa-b9fe-767b2811615a,bmccaughenos,"g,sT*xRA#SQhJL",entrenamiento/deportista/estado-fisico
894,544054cf-d67c-45d1-b590-0641cfe63095,camorineot,uA&q)J7t!MUHDX,facturacion/socio/logistica
895,0cb775cd-08b3-4d3f-92b8-0e1b29413d6c,lmctrustieou,qH=wo5Rl*H=~,perfil-deportivo/deportista/salud
896,05a5c40d-a515-40b8-9d1c-8315d52b2f34,psaffeov,eM8.'8nd(O,perfil-deportivo/deportista/salud
897,1e8df0bc-4310-425f-b10c-44fd298a141d,tlavigneow,"sFxy3!G8""h?\1=",perfil-demografico/deportista/pais
898,9e3ab19a-2c55-4b80-a97c-24d98d67ab2a,mhunnybunox,gO=gsyznG,perfil-demografico/deportista/pais
899,fc1c6988-cc76-4817-942e-89ae988be344,zbiltonoy,ndiyC`dm%*K7&9~,perfil-demografico/deportista/pais
900,edbaabb2-8884-4855-9f24-72e13fbcf870,bsnedkeroz,"naT""Gt8G",perfil-deportivo/deportista/salud
901,37658a99-3dfb-4bac-82c9-947f6ccc6282,dclendeningp0,z&u{NeVVp@kiD.,facturacion/socio/logistica
902,8dc4400f-2f00-4caa-badb-f39ef301d3da,lpatchingp1,sxkJG=Y{=sQD,facturacion/socio/logistica
903,a938a432-4c1e-4783-ab24-8e2c1b5af79b,fduttonp2,"r_N6,>b_F6g",perfil-deportivo/deportista/salud
904,eba7bb0f-884f-4b60-aa0a-5e36df4590c0,bsleitep3,"rMt+,m5,j)vU'",perfil-deportivo/deportista/salud
905,48671c22-55e2-4e9b-86ae-15328d916e71,ymcgarrellp4,x#_0c4_|qjMs}&EY,facturacion/socio/logistica
906,057ff4e7-f73e-4b52-a7aa-79bd071b51c1,lmacelroyp5,e.8zPqc%,entrenamiento/deportista/estado-fisico
907,52847ff5-a035-4a66-83be-11a6473fd41f,tcolombp6,hRvuq1CZr!!m+#<@,perfil-demografico/deportista/pais
908,fc65f133-cee3-430d-b959-350655d43e92,hhendersonp7,"tJYd|,!9o'p",perfil-deportivo/deportista/salud
909,02010b76-8dd3-48c2-b6b4-d091aaafc9ad,haspyp8,i1)=?PJVH,perfil-deportivo/deportista/salud
910,d140ede2-9e27-47f0-9a10-3fb3f293eab5,ktearnyp9,wbp4whGW|QB),entrenamiento/deportista/estado-fisico
911,e3e4352b-19d5-44b8-a5de-531551a3768a,mvanderbekenpa,"r"")f}.sYjy",facturacion/socio/logistica
912,e5d9b2a0-d4d0-4f6c-85b5-b294fd86a704,vickeringillpb,pRQz5zfk,perfil-deportivo/deportista/salud
913,872c4758-6e22-425b-8cf0-6e16ba41672d,nmattheeuwpc,b_8nkl|`Q*Z,perfil-deportivo/deportista/salud
914,e289548d-0045-4cde-9a9e-ccf128e4c78b,ssatepd,b=T33<%=>,perfil-deportivo/deportista/salud
915,20c156b6-4527-4d3e-9439-bbc311a6f081,bregglerpe,j|pZi3aQ*x{h(#,perfil-demografico/deportista/pais
916,70c8ba45-13c2-4bad-b908-3d0ff09d33f8,djantzenpf,jl#AQKGYF(`w6)Ey,perfil-deportivo/deportista/salud
917,63c3625d-1691-49e8-96cb-044061d9011a,amacinnespg,"w?cQt539""J3",perfil-deportivo/deportista/salud
918,b5fbd998-a487-42f6-8d87-c2194cf35ddf,rmassieph,hpL*6#KBUf/J,perfil-deportivo/deportista/salud
919,65f11d6c-6d92-42ac-855e-6eded65546bf,jmumbraypi,p{pe}~+2uv65f#z,facturacion/socio/logistica
920,93cd02b0-b075-4849-8e6e-c97223a2f1b1,cjuniferpj,p'ljE!?Uu,perfil-deportivo/deportista/salud
921,bc932502-073d-4573-9d48-ace4f0695294,kscogginpk,asb5IITBEC7Xxg,entrenamiento/deportista/estado-fisico
922,0fbbac8d-aac4-4724-95b5-f255081a4cbf,pkivellepl,wcO=#7qBs|,perfil-deportivo/deportista/salud
923,ebe087a9-402f-49fc-9e5a-30dd5f62b03b,dmillingtonpm,abfXkC47P9mbZ,entrenamiento/deportista/estado-fisico
924,a020c321-4987-46ec-8b1a-11032aead7a8,idodgshunpn,q!/7zQixL\s,entrenamiento/deportista/estado-fisico
925,aabe4e3e-6b0d-47ff-b2c2-ec98c6a126e8,johanleypo,qIyn2B1UY/!Q,entrenamiento/deportista/estado-fisico
926,40f5d295-c2a1-47b6-9168-226510d47e66,lsteartpp,o${*c923v,facturacion/socio/logistica
927,94e3d931-b86a-4d99-8802-90d998e96e5f,domaileypq,o4Ua_q0vs0f,perfil-demografico/deportista/pais
928,9d2e100a-9807-4d28-9706-c33f5043656f,mscrannagepr,coKr`so.,entrenamiento/deportista/estado-fisico
929,2d65a084-6d3d-4784-9f63-54806887029f,cissacovps,wFs.jtl_3H?,perfil-deportivo/deportista/salud
930,562ee620-3aa4-4838-9822-0e90cba6cbf2,mespypt,"u|Os,gVJ_Tl05",entrenamiento/deportista/estado-fisico
931,be0f796d-3e79-435d-a6e2-013cb4bbbe4f,mjaquespu,f0=xE3&Sx,facturacion/socio/logistica
932,00ade6c5-b717-4384-8c68-e69bed7727bd,afranciscopv,y2\PrQ`{,perfil-demografico/deportista/pais
933,07236d37-fc3b-452e-8be8-7f12bc2659af,cdonipw,pL'}E06KMW,perfil-deportivo/deportista/salud
934,0ab1da53-7e31-4943-8ec3-c961094f1bfc,bdumbarpx,kBT.CMD_t,perfil-deportivo/deportista/salud
935,93085e0d-9e64-458a-942b-9be8fe4cafc0,jreediepy,b+3J{hU?>nVX2,facturacion/socio/logistica
936,b4009266-e55e-45cb-b08e-eb613c967673,esemradpz,m'\`T6ws(y1n,perfil-deportivo/deportista/salud
937,8c39a69b-31e6-49b9-b196-8679be18709c,aromneyq0,g6(P`)gzG#Ar4,perfil-deportivo/deportista/salud
938,8e8f5f4c-7062-4ec4-b4b3-f9d427a8ab9d,spechellq1,x'F=\pmV8o{OJReL,facturacion/socio/logistica
939,64a7a5c9-e16f-46e9-934b-f0de79129642,dburburoughq2,m0%fUge*fXg,perfil-demografico/deportista/pais
940,ae109aaf-630d-4095-b890-6c471ee2e07f,kcarwardineq3,"s@DM~#}&,JJ@",perfil-deportivo/deportista/salud
941,54085dab-7c5a-466b-8c4e-49afc786e076,gjordenq4,dAK`Uk5WHOji,entrenamiento/deportista/estado-fisico
942,0327cc0a-ae9e-422c-9de7-dd727ec15053,mvarvaraq5,igqdndW0a?p7(N{,perfil-demografico/deportista/pais
943,54f96afe-3d41-4b61-adeb-f6162c70cf7c,pwaadenburgq6,vAMA$O)2w,perfil-demografico/deportista/pais
944,eecb5b9c-961d-4783-a9ad-9f8126f5a953,lswantonq7,kfUe8M9=|0qb|,perfil-deportivo/deportista/salud
945,6778da2f-86b4-46c7-8668-d546b8c321e5,nondrasekq8,csPuvdKcu*,perfil-deportivo/deportista/salud
946,bba7162a-b7eb-4b39-a8aa-0b94ade64cac,ahealeyq9,eqtdUZ!KB!t,perfil-deportivo/deportista/salud
947,50e5b184-e8ed-4ce6-aee3-1fea9e986488,aplaitqa,pk9w`e14c5/IXu>B,facturacion/socio/logistica
948,7e45cd3f-b3b8-4c75-8e25-ab63fd40cc1b,fowerqb,"ifP,*df8&$w",facturacion/socio/logistica
949,fe62c384-c8e3-4cef-9a9b-6dab607dc8f4,lshillingfordqc,"o\Pt?c89.A""}@2x",entrenamiento/deportista/estado-fisico
950,0d2c698d-fc95-4ee3-860a-4af5c764bb05,sdykasqd,o)}#aBgCjT`,entrenamiento/deportista/estado-fisico
951,616b7970-d830-467a-b43e-c4cd1aa2b21f,jertqe,vr!I8~+N|/~3\p,entrenamiento/deportista/estado-fisico
952,df62dd99-c9c4-4547-87e8-3364571de2fe,sboddieqf,t2*6STNA,perfil-deportivo/deportista/salud
953,37b67ad7-4eec-452c-8bc5-5a035ab7a72d,smacmakinqg,aoF/tD6k3Wfb,perfil-deportivo/deportista/salud
954,6b012000-3793-4418-a0af-5612d099ae41,ecastelloneqh,udUzA#P+z!!'z+,perfil-demografico/deportista/pais
955,2ffc90d2-98c8-4bc8-8b2c-695a973da4f7,gearlamqi,a8ivW3<5dSdLq!gd,entrenamiento/deportista/estado-fisico
956,602f9831-3e7b-4997-849c-5116e0f00f64,mottewellqj,lIU*Y!v<4gT\M,entrenamiento/deportista/estado-fisico
957,444593bd-1c57-4980-99da-b6bab76db397,jprendergrassqk,o$Say(wmFL,perfil-deportivo/deportista/salud
958,469135d0-6428-4b16-b841-65b7a2193bbe,ekilmurryql,"im@O.""MD!64",facturacion/socio/logistica
959,2451b7fa-91e8-4011-85b6-0099acaa87ca,milyinqm,"pvuP""n}X6@ucw`s",entrenamiento/deportista/estado-fisico
960,8a1a6cb5-c592-4400-b1f9-17a76c403d1e,mchampeqn,ti?vc'pl36!76,facturacion/socio/logistica
961,cc76ae83-4933-469b-a74e-9cd779de4a38,btesmondqo,e*YY6csz_o{z*,facturacion/socio/logistica
962,ce69d326-f479-4681-9f24-23cc68ca93e5,rpakenhamqp,"eXg1V,tv(tLZE",perfil-deportivo/deportista/salud
963,3d699dd6-9a54-474f-8ef5-c3dbd0aab25b,cinklesqq,"shdJ6,m$U",perfil-demografico/deportista/pais
964,dd3558d5-0550-40b7-a4fc-e41418d2116e,cbidewelqr,ih<}J_&zk,perfil-demografico/deportista/pais
965,6407a16b-bfff-409b-badd-b83892e2fdeb,kadsheadqs,"s~}O(p""DH3N",perfil-deportivo/deportista/salud
966,986b1945-dd65-4b80-923f-143efb17ba43,lmannockqt,vs+\eQv83Q,perfil-deportivo/deportista/salud
967,0deaa4de-bda6-499e-ba07-247751a0bb13,tanglishqu,ae?0qpunx9f8N+P$,perfil-deportivo/deportista/salud
968,e4c7664d-7dc0-46ba-9717-e850331bc3ea,twincomqv,p&dn3GrAO,facturacion/socio/logistica
969,447f38a7-9f5a-4480-9e4e-0b7b0a3550e7,ctarrierqw,"xa1s@.k2CYyu,(%",facturacion/socio/logistica
970,d502d854-f120-4a29-982a-b63f67987f26,agypsonqx,o&~yB5#9#jOXob1y,facturacion/socio/logistica
971,f3e7faaf-4145-4d3a-9dc2-46cf0fd32c67,rgniewoszqy,hR!7Mwfgkc,perfil-deportivo/deportista/salud
972,82d46f4a-4980-42ab-91e5-74abd413ed7e,ehampsonqz,uhS?k81|6bmk2y&,facturacion/socio/logistica
973,411a2b03-9a39-48fd-a6e9-be44b1df71f3,gcollingr0,"oL,'DmTmAb?B?",perfil-deportivo/deportista/salud
974,53bca475-d701-4a60-aa90-eae60cf53089,iivanchikovr1,qu810wdMt,entrenamiento/deportista/estado-fisico
975,98f73225-24a4-4c17-9fe1-9ae2b96c88b5,bkrierr2,aEgXCW1},perfil-deportivo/deportista/salud
976,c3af8280-884f-4005-9cf1-b951e0b02227,mwendenr3,k/U(hzJbD9EJ,entrenamiento/deportista/estado-fisico
977,da75461a-03b4-4fe5-9db4-0a80f1205ea8,rstorrsr4,s(4xDD=2zqLS9,facturacion/socio/logistica
978,13a29974-848c-4a5d-809c-7c1d4b36c652,ckimblenr5,p`bRvu+5,perfil-demografico/deportista/pais
979,2dd5ada2-fe74-4f94-8af5-63d72b73b63b,ovondracekr6,bb8Lp<RK,entrenamiento/deportista/estado-fisico
980,5b62e21b-9b06-4ebe-9489-e67d4dbd868b,slittledyker7,"qA#nX&c""/0|e.n",perfil-demografico/deportista/pais
981,12668cf9-d532-4086-b599-fa699d2a1cd7,tradbandr8,"mNIV01F""A",perfil-demografico/deportista/pais
982,f78ee82d-ef0f-4128-9d6c-d4bf285ad25b,rtreasurer9,r_PORg1kXw,entrenamiento/deportista/estado-fisico
983,4fef4e0a-c1af-4513-837e-fec861e4369d,madessra,k<x`f#Dl0,facturacion/socio/logistica
984,2e41e680-6c83-4d54-8ec5-f98f4d7451fc,cmargarsonrb,"kG@.vU""/`lE9#",perfil-deportivo/deportista/salud
985,016b61ec-f704-4073-a099-0d332ca8f165,pbernardotrc,"l5""4X\*Q7U*`xQ.5",facturacion/socio/logistica
986,a7875dc7-2234-4ed6-9d3b-c23795b0cd38,lsignorellird,"z88,+%B0M&nbsx",perfil-demografico/deportista/pais
987,b0992db3-84f8-47ef-9c7d-5063cfa9895f,ibucknallre,iE(bMguVK,perfil-deportivo/deportista/salud
988,8781d506-c36f-43be-ab12-aa01bc649029,rseabrookrf,f*#Y2Lvg6U@Xz,entrenamiento/deportista/estado-fisico
989,df630c9b-a344-4f94-923f-11582178dabe,kaubertrg,n7J6#<~~Z2Q}gW,perfil-deportivo/deportista/salud
990,090f71e6-dd1c-42a5-8633-dfbc1918a9ea,mkalaherrh,f(gdoG?Vj!qWF,perfil-deportivo/deportista/salud
991,66d49516-feca-45a1-8c28-6efa30611f85,dlindbackri,p3+QFHOg#i,entrenamiento/deportista/estado-fisico
992,d30c9227-2aca-44ed-91ba-cf8d87acf7cc,khavercroftrj,ww_a9GtY\enp,perfil-deportivo/deportista/salud
993,22d79a49-318e-459c-93d4-d471f6e99b11,mjakemanrk,gWrGd|O)sT!u2,perfil-deportivo/deportista/salud
994,7ceb682c-edf0-4a16-9af3-f894926671b7,tkingsleyrl,"x53GasNi?r{""R&",entrenamiento/deportista/estado-fisico
995,25174b7f-a197-4cb3-b9f7-18e89c461437,hlitelrm,myu8vM@Zi,entrenamiento/deportista/estado-fisico
996,69a7aca1-95f7-4f26-bba9-091436f27428,gstanyerrn,nRZctl}D+j,perfil-demografico/deportista/pais
997,f54b53f1-7944-4d9c-844e-20442f958024,hbaumero,sQWujXDYGHh4!,perfil-deportivo/deportista/salud
998,37281511-4fb1-450c-bf33-9aa65375bcc5,ewendoverrp,"uo(Qgu%ISyQ4,9X?",facturacion/socio/logistica
999,3d2c547e-3f61-441f-8a39-85fb7aed1f90,bchevinrq,xbmie#/Z<l=,entrenamiento/deportista/estado-fisico
1000,b7f64fa8-79c6-4d81-8067-7441ab8c49df,chowbrookrr,"fhC<"">\ZXQwz*K'",perfil-deportivo/deportista/salud
